36236	39193	39193	39193	39193	39193	39193	39193	39193	39193	39193	39193	39193	39193	39193	39193	39193	39193	39193	39193	39193	39193	39193	39193	39193	39193	39193	39193	39193	39193	39193	39193	39193	39193	39193	39193	39193	39193	39193	39193	39193	39193	39193	39193	39193	40180	40180	40180	40180	40180	40180	40180	40180	40180	40180	40180	40180	40180	40180	40180	40180	40180	40180	40180	40180	40180	40180	40180	40180	40180	40180	40180	40842	40842	40842	40842	40842	40842	40842	40842	40842	40842	40842	40842	40842	40842	40842	40842	40842	40842	40842	40842	40842	40842	40842	40842	40842	40842	40842	40842	40842	40842	40842	40842	40842	40842	40842	40842	40842	40842	40842	40842	40842	40842	40842	40842	40842	40842	40842	40842	40842	40842	40842	40842	40842	40842	40842	40842	40842	
27111	27981	27981	27981	30925	30925	30925	33014	33014	33014	33014	33014	37850	38132	38132	39290	39290	39290	39290	39290	39290	41181	41181	41181	41181	41181	41181	41181	41181	41181	41181	41181	41181	41181	41181	41181	41181	41181	41181	41181	41181	41181	41181	41181	41181	41181	41181	41181	41181	41181	41181	41181	41181	41181	41181	41181	41181	41181	41181	41181	41181	41181	41181	41181	41181	41181	41181	41181	41181	41181	41181	41181	41181	41181	41181	41181	41181	41181	41181	41181	41181	41181	41181	41181	41181	41181	41181	41181	41181	41181	41181	41181	41181	41181	41181	41181	41181	41181	41181	41181	41181	41181	41181	41181	41181	41181	41181	41181	41181	41181	41181	41181	41181	41181	41181	41181	41181	41181	41181	41181	41181	41181	41181	41181	41181	41181	41181	41181	41181	
26517	27493	27493	27493	29921	29921	31562	31562	31562	31562	31562	38976	38976	38976	38976	38976	38976	38976	38976	38976	38976	38976	38976	38976	38976	38976	38976	38976	38976	38976	38976	38976	38976	38976	38976	38976	38976	38976	38976	38976	38976	38976	38976	38976	38976	38976	38976	38976	38976	38976	38976	38976	38976	38976	38976	38976	38976	38976	38976	38976	38976	38976	38976	38976	38976	39065	39065	39065	39065	39263	39263	39263	39263	39263	40711	40711	40711	40711	40711	40711	40711	40711	40711	40711	40711	40711	40711	40711	40711	40711	40711	40711	40711	40711	40711	40711	40711	40711	40711	40711	40711	40711	40711	40711	40711	40711	40711	41095	41095	41095	41095	41095	41095	41095	41095	41095	41095	41095	41095	41095	41095	41095	41095	41095	41095	41095	41095	41095	41095	
25136	36099	36099	36099	36099	36099	36931	36931	36931	36931	36931	36931	36931	36931	38759	38759	38759	38759	38759	38903	38903	38903	38903	38903	38903	38903	38903	38903	38903	38903	38903	38903	39248	39248	39248	39248	39248	39248	39248	39248	39248	39248	39248	39248	39248	39248	39248	39248	39248	39248	39248	39248	39248	39248	39248	39248	39248	39248	39248	39248	39248	39248	39248	39248	39248	39248	39248	39248	39248	39248	39248	39248	39248	39248	39248	39248	39248	39248	39248	39248	39248	39248	39248	39248	39248	39248	39248	39248	39248	39248	39429	40008	40008	40008	40008	40008	40008	40008	40008	40008	40008	40008	40008	40008	40008	40008	40008	40008	40008	40008	40008	40008	40008	40008	40008	40008	40008	43360	43360	43360	43360	43360	43360	43360	43360	43360	43360	43360	43360	
35485	36886	36886	36886	36886	37887	37887	37887	37887	37915	37915	37915	37915	37915	37915	38359	38359	40013	40013	40013	40013	40013	40013	40013	40013	40013	40013	40013	40013	40013	40013	40013	40013	40013	40013	40013	40013	40013	40013	40013	41193	41193	41193	41193	41193	41193	41193	41193	41193	41193	41193	41193	41193	41193	41193	41193	41193	41193	41193	41193	41193	41193	41193	41193	41193	41193	41193	41193	41193	41193	41193	41193	41193	41193	41193	41193	41193	41193	41193	41193	41193	41193	41193	41193	41193	41193	41193	41193	41193	41193	41193	41193	41193	41193	41193	41193	41193	41193	41193	41193	41193	41193	41193	41193	41193	41193	41193	41193	41193	41193	41193	41193	41193	41193	41193	41193	41193	41193	41193	41193	41193	41193	41193	41193	41193	41193	41193	41193	41193	
37956	37956	37956	37956	37956	37956	37956	37956	37956	37956	37956	37956	39259	39259	39259	39259	39259	39259	39259	39259	39259	39259	39757	39757	39757	49682	54473	54473	54473	54473	54473	54473	54473	54473	54473	54473	54473	54473	54473	54473	54473	54473	54473	54473	54473	54473	54473	54473	54473	54473	54473	54473	54473	54473	54473	54473	54473	54473	54473	54473	54473	54473	54473	54473	54473	54473	54473	54473	54473	54473	54473	54473	54473	54473	54473	54473	54473	54473	54473	54473	54473	54473	54473	54473	54473	54473	54473	54473	54473	54473	54473	54473	54473	54473	54473	54473	54473	54473	54473	54473	54473	54473	54473	54473	54473	54473	54473	54473	54473	54473	54473	54473	54473	54473	54473	54473	54473	54473	54473	54473	54473	54473	54473	54473	54473	54473	54473	54473	54473	
30323	32394	32394	32394	32394	32394	32394	32394	32394	32838	32838	32838	32838	32838	32838	32838	32838	32838	32838	33271	33271	33271	33271	33271	33271	33271	33271	33271	33271	33271	33271	33271	33271	33271	33271	33271	33271	33271	33271	33271	34049	34049	34049	35290	35290	35290	35290	35290	35300	35300	35300	35300	35300	35300	35300	35300	35300	35300	35300	35300	35300	35300	35300	35300	35925	36095	36095	36095	36717	38550	38550	38550	38550	38550	38550	38550	38550	38550	38550	38550	38550	38550	38550	38550	38550	39215	39215	39215	39215	39215	39215	39215	39215	39215	39215	39215	39215	39215	39215	39215	39215	39215	39215	39215	39215	39215	39215	39215	39215	39215	39215	39215	39215	39215	39215	39215	39215	39215	39215	39215	39215	39215	39215	39215	39215	39215	39215	39215	39215	
25575	29118	29118	29118	30100	30100	31531	39890	39890	39890	39890	39890	39890	39890	39890	39890	39890	39890	39890	39890	39890	39890	39890	40193	40193	40193	40193	40193	40193	40193	40193	40193	40193	40193	40193	40193	40193	40193	40193	40193	40193	40193	40193	40193	40193	40193	40193	40193	40193	40193	40193	40193	40193	40193	40193	40193	40193	40193	40193	40193	40193	40193	40193	40193	40193	40193	40193	40193	40193	40193	40193	40193	40193	40193	40193	40193	40193	40193	40193	40193	40193	40193	40193	40193	40193	40193	40193	40193	40193	40193	42685	42685	42685	42685	42685	42685	42685	42685	42685	42685	42685	42685	42685	42685	42685	42685	42685	42685	42685	42685	42685	42685	42685	42685	42685	42685	42685	42685	42685	42685	42685	42685	42685	42685	42685	42685	42685	42685	42685	
26192	28162	28373	28373	35282	35282	36322	36609	36609	36617	37225	37225	37225	37225	37225	37225	37225	37225	37225	37225	37225	37225	37225	37225	37225	39542	39542	39542	39542	39542	39542	39542	39542	39542	39542	39542	39542	39542	39542	39973	39973	39973	39973	39973	39973	39973	42474	42474	42474	42474	42474	42474	42474	42474	42474	42474	42474	42474	42474	42474	42474	42474	42474	42474	42474	42474	42474	42474	42474	42474	42474	42474	42474	42474	42474	42474	42474	42474	42474	42474	42474	42474	42474	42474	42474	42474	42474	42474	42474	42474	42474	42474	42474	42474	42474	42474	42474	42474	42474	42474	42474	42474	42474	42474	42474	42474	42474	42474	42474	42474	42474	42474	42474	42474	42474	42474	42474	42474	42474	42474	42474	42474	42474	42474	42474	42474	42474	42474	42474	
34847	35941	35941	41894	41894	41894	41894	41894	41894	41894	41894	41894	41894	41894	41894	41894	41894	41894	41894	41894	41894	41894	41894	41894	41894	41894	41894	41894	41894	41894	41894	41894	41894	41894	41894	41894	41894	41894	41894	41894	41894	41894	41894	41894	41894	41894	41894	41894	41894	41894	41894	41894	41894	41894	41894	41894	41894	41894	41894	41894	41894	41894	41894	41894	41894	41894	41894	41894	41894	41894	41894	45205	45205	45205	45205	45205	45205	45758	46323	47580	47580	47580	47580	47580	47580	47580	47580	47580	47580	47580	47580	47580	47580	47580	48683	49559	49559	49559	49559	49559	50950	50950	50950	50950	50950	51968	56314	56314	56314	56314	56314	56314	56314	56314	56314	56314	56314	56314	56314	56314	56314	56314	56314	56314	56314	56314	56314	56314	56314	
33012	36038	37308	37308	37308	37308	37308	37308	37308	37308	39759	40908	42950	42950	42950	42950	42950	42950	42950	42950	42950	42950	42950	42950	42950	42950	42950	42950	42950	42950	42950	42950	42950	42950	42950	42950	42950	42950	42950	42950	42950	42950	42950	42950	42950	42950	42950	42950	42950	42950	42950	42950	42950	42950	42950	42950	42950	42950	42950	42950	42950	42950	42950	42950	42950	42950	42950	42950	42950	42950	42950	42950	42950	42950	42950	42950	42950	42950	42950	42950	42950	42950	43334	43334	43697	43697	43697	43697	43958	43958	43958	43958	43958	43958	44513	44513	44513	44513	44513	44621	44621	44621	44621	45449	45449	45449	45449	45449	45449	45449	45449	45449	45449	45449	45449	49287	49287	49287	49287	49287	49287	49287	49287	50696	50696	50696	50696	50696	50696	
35784	35784	39011	39011	39011	39011	39011	39011	39011	39011	39011	39011	39011	39011	41394	41394	41394	41394	41394	41394	41394	41394	41394	41394	41394	41394	41394	41394	41394	41394	41394	41394	41394	41394	41394	41394	41394	41394	41394	41394	41394	41394	41394	41394	41394	41394	41394	41394	41394	41394	41394	41394	41394	41394	41394	41394	41394	41394	41394	41394	41394	41394	41394	41394	41394	41394	41394	44590	44590	44590	44590	44590	44590	46774	46774	49229	49229	49229	52623	56109	56109	56109	56109	57365	57365	57365	57365	57365	57365	57365	57365	57365	57365	57365	57365	57365	57365	57365	57365	57365	57365	57365	57365	57365	57365	57365	57365	57365	57365	57365	57365	57365	57365	57365	57365	57365	57365	57365	57365	57365	57365	57365	57365	57365	57365	57365	57365	57365	57365	
30992	35845	40541	40541	40541	40541	40541	40541	40541	40541	40541	40541	40541	40541	40541	40541	40541	40541	40541	40541	40541	40541	40541	40541	40541	40541	40541	40541	40541	40541	40541	40541	40541	40541	40541	40541	40541	40541	40541	40541	40541	40541	40541	40541	40541	40541	40541	40541	40541	40541	40541	40541	40541	40541	40541	40541	40541	40541	40541	40541	40541	40541	40541	40541	40541	40541	40541	40541	40541	40541	40541	40541	40541	40541	40541	40541	40541	40541	40541	40541	40541	40541	45116	45116	45116	45116	45116	45116	45116	45270	45270	45270	45962	45962	45962	45962	45962	45962	45962	47116	47121	47121	47121	47121	47121	47121	47121	47121	47121	47121	47121	47121	47121	47121	47121	47121	47121	47121	47121	47121	47121	47121	47121	47121	47121	48517	48517	48517	50684	
33216	33681	35327	35327	39003	39169	39169	39258	39258	39258	39455	39455	39455	39455	39455	39455	39455	39455	39455	39455	39455	39455	39455	39455	39455	39455	39455	39455	39455	41194	42160	42160	42160	42160	42160	42160	42160	44376	44376	44376	44376	44376	44376	44376	44376	44376	49150	49150	49561	49561	49561	56646	56646	56646	56646	56646	56646	56646	56646	56646	56646	56646	56646	56646	56646	56646	56646	56646	56646	56646	56646	56646	56646	56646	56646	56646	56646	56646	56646	56646	56646	56646	56646	56646	57276	57276	57276	57651	57651	57651	57651	57651	57651	60702	60702	60702	60702	60702	60702	60702	60702	60702	60702	60702	60702	60702	60702	60702	60702	60702	60702	60702	60702	60702	60702	60702	60702	60702	60702	60702	60702	60702	60702	60702	60702	60702	60702	60702	60702	
35871	36968	36968	39532	39532	39532	39532	39532	39532	39532	39532	39532	39532	39532	39532	39532	39532	39532	39532	39532	39532	39532	39532	39532	39532	39532	39532	39532	39532	39532	39532	39532	39532	39532	39532	39532	39532	39532	39532	39532	39532	39532	39532	39532	39532	39532	39532	39532	39532	39532	39532	39532	39532	39532	39532	39532	39532	39532	39532	39532	39532	39532	39532	39532	39532	39532	39532	39532	39532	39532	39532	39532	39532	39532	39532	39532	39532	39532	39532	39532	39532	39532	39532	39532	39532	39532	39532	39532	39532	39532	39532	39532	39532	39532	39532	39532	39532	39532	39532	39532	39532	39532	39532	39532	39532	39532	39532	39532	39532	39532	39532	39532	39532	39532	39532	39536	39536	39536	39536	39536	39536	39536	39536	39536	39536	39536	39536	39536	39536	
28165	30017	31179	38911	38911	38911	38911	38911	38911	38911	38911	38911	38911	38911	38911	38911	38911	38911	38911	38911	38911	38911	38911	38911	38911	38911	38911	38911	38911	38911	38911	38911	38911	38911	38911	38911	38911	38911	38911	38911	38911	38911	38911	38911	38911	38911	38911	38911	38911	38911	38911	38911	38911	38911	39499	39499	39499	39499	39499	39499	39499	39499	39499	39499	39499	39499	39499	39499	39499	39499	39499	39499	39499	39499	39499	39499	39499	39499	39499	39499	39499	39499	39499	39499	39499	39499	39499	39499	39499	39499	39499	39499	39499	39499	39499	39499	39499	39499	39499	39499	39499	39499	39499	39499	40352	40352	40352	40352	40352	40352	40352	40352	40352	40352	40352	40352	40352	40352	40352	40352	40352	40605	40605	40605	40605	40605	40605	40605	40605	
24934	32096	32096	32096	32550	32550	32550	32814	32814	32814	33637	34677	34677	35557	35557	35557	35557	38689	38689	38689	38930	38930	38930	38930	38930	38930	38930	38930	38930	38930	38930	38930	38930	38930	38930	38930	38930	38930	38930	38930	38930	38930	38930	38930	38930	38930	38930	38930	38930	38930	38930	38930	38930	38930	38930	38930	38930	38930	38930	38930	38930	38930	38930	38930	38930	38930	38930	38930	38930	38930	38930	38930	38930	38930	38930	38930	38930	38930	38930	38930	38930	41327	41327	41327	41327	41327	41327	41327	41327	41327	41327	41327	41327	41327	41327	41327	41327	41327	41327	41327	41327	41327	41327	41327	41327	41327	41327	41327	41327	41327	41327	41327	41327	41327	41327	41327	41327	41327	41327	41327	41327	41327	41327	41327	41327	41327	41327	41327	41327	
30260	38485	38485	38485	38485	38485	38485	38485	38485	38485	38485	39329	39329	39329	39329	39329	39329	39377	39377	39377	39377	39377	39377	39377	39377	39377	39377	39377	39377	39377	45703	45703	45703	45863	45863	45863	45863	45863	45863	45863	45863	45863	45863	45863	45863	45863	45863	45863	45863	45863	45863	45863	45863	45863	45863	45863	45863	45863	45863	45863	45863	45863	45863	45901	45901	45901	45901	49878	49878	49878	49878	53138	53138	53138	53882	53882	53882	53882	53882	56114	56114	56114	56114	56114	56114	56114	56114	56114	56114	56114	56114	56114	56114	56114	56114	56114	56114	56114	56114	56114	56114	56114	56114	56114	56114	56114	56114	56114	56114	56114	56114	56114	56114	56114	56114	56114	56114	56114	56114	56114	56114	56114	56114	56114	56114	56114	56114	56114	56114	
29656	29656	30278	30278	30278	30278	30278	30278	30278	30278	30278	30278	30278	30278	30278	30278	30278	38155	38155	38155	38155	38155	38155	38155	38155	38155	38155	38155	38155	38155	38155	38155	38155	38155	38155	38155	39844	39844	39844	40125	40125	40125	40125	40125	40125	40125	40125	40125	40125	40125	40125	40125	40125	42534	42534	42534	42534	42534	42534	42534	42534	42534	42534	42534	42534	42534	42534	42534	42534	42534	42534	42534	42534	42534	42534	42534	42534	42534	42534	42534	42534	42534	42534	42534	42534	42534	42534	42534	42534	42534	42534	42534	42534	42534	42534	42534	42534	42534	42534	42534	42534	42534	42534	42534	42534	42534	42534	42534	42534	42534	42534	42534	42534	42534	42534	42534	42534	42534	42534	42534	42534	42534	42534	42534	42534	42534	42534	42534	42534	
30261	32004	32004	37186	37903	38266	38266	38266	38266	38266	38266	39141	39141	39141	39245	39245	39245	39245	39245	39245	39245	39245	39245	39245	39245	39245	39245	39245	39245	39245	39245	39245	39245	39245	39245	39245	39245	39245	39380	39380	39380	39380	39380	39380	39380	39380	39380	39380	39380	39380	39380	39380	39380	42060	42060	42060	42060	42060	42060	45517	45517	45517	45517	45517	45517	45517	45517	45517	45517	45517	45517	45517	45517	45517	45517	45517	45517	45517	45517	45517	45517	45517	45517	45517	45517	45517	45517	45517	45517	47317	48126	48126	48126	48126	48126	48126	48126	48126	48126	48126	50124	50124	50124	50124	50124	50124	50124	55386	55386	55386	55386	55386	55386	55386	55386	55386	55386	55386	55386	55386	55386	55386	55386	55386	55386	55386	55386	55386	55386	
32638	34192	36085	36085	36192	36192	36192	36192	36192	36192	37131	37131	37131	37131	37131	37131	37131	37131	37131	37131	37131	37131	37131	37131	37131	37131	37131	37131	37131	37131	37131	37131	37131	37131	37131	37131	37131	37131	37131	38143	38356	38356	38356	38356	38356	38502	38502	38502	38502	38937	38937	38937	38937	38937	38937	38937	39170	39170	39170	39170	39170	39170	39170	39476	39476	39476	39476	39476	39476	39476	39476	39476	39476	39476	39476	39476	39476	39476	39476	41720	41720	41720	41720	41720	41720	41720	41720	41720	41720	41720	41720	41720	41720	41720	41720	41720	41720	41720	41720	41720	41720	41720	41720	41720	48156	48156	48156	48156	48156	48156	48156	48156	52803	52803	52803	52803	52803	52803	52803	52803	52803	52803	52803	52803	52803	52803	52803	52803	52803	
35592	35592	38660	39739	39739	39739	39739	39739	39739	39739	39739	39739	39739	39739	39739	39739	39739	39739	39739	39739	39739	39739	39739	39739	39739	39739	39739	39739	39739	39739	39739	39739	39739	39739	39739	39739	39739	39739	39739	39739	39739	39739	39739	39739	39739	44040	44040	44040	44040	44040	44040	44040	44040	44040	44040	44040	44040	44040	44040	44040	44040	44040	44040	45754	45754	45754	45754	45754	45754	48071	48071	48071	48071	48071	48071	54425	54425	54425	54425	54425	54425	54425	54425	54425	54425	54425	56657	56657	56657	56657	56657	57152	57152	57152	57152	57152	57152	57152	57152	57152	57152	57152	57152	57152	57152	57152	57152	57152	57152	57152	57152	57152	57152	57152	57903	57903	57903	57903	57903	57903	57903	62149	62149	62149	62149	62149	62149	62149	62149	
26134	26134	30522	36809	36809	36809	36809	36809	36809	37836	37836	37836	37836	37836	37836	37836	37836	37836	37836	37836	37836	37836	37836	37836	37836	37836	37836	37836	38761	38761	38761	38761	39732	39838	39838	39838	39838	39838	39838	39838	39838	39838	39838	39838	39838	39838	39838	39838	39838	39838	39838	39838	39838	40708	40708	40708	40708	40708	40708	40708	40708	40708	40708	40708	40708	40708	40708	40708	40708	40708	40708	40708	40708	40708	40708	40708	40708	40708	40708	40708	40708	40708	40708	40708	40708	40708	40708	40708	40708	40708	40708	40708	40708	40708	40708	40708	42414	42414	42414	42414	42414	42414	42414	42414	42414	42414	42414	42414	42414	44795	44795	44795	44929	44929	44929	44929	45329	45329	45329	45329	45329	45329	45329	45329	45329	45329	45329	45329	45329	
23237	23237	25408	30942	30942	30942	32070	32070	32070	32277	32277	32277	32277	39597	39652	39652	39652	39652	39652	39652	39652	39652	39652	41485	41485	41485	41485	41485	41485	41485	41485	41485	41485	41485	41485	41485	41485	41485	41485	41485	41485	41485	41485	41485	41485	41485	41485	41485	41485	41485	41485	41485	41485	41485	41485	41485	41485	49845	49845	49845	49845	49845	49845	49845	49845	49845	50706	50706	50706	50706	50706	50706	50706	50706	51421	51421	51421	51421	51421	51421	51421	51421	51421	51421	51421	51421	51421	51421	51421	51421	51421	51421	51421	51421	51421	51421	51421	51421	51421	51421	51421	51421	51421	51421	55146	55146	55146	55146	55146	55146	55146	55146	55146	55146	55146	55146	55146	55146	55146	55146	55146	55146	55146	55146	55146	55146	56665	56665	56665	
20446	22353	29165	32535	32535	32535	32535	32535	36242	36242	36242	40636	40636	40636	40636	40636	40636	43604	43604	43604	43604	43604	43604	43604	43604	43604	43604	43604	43604	43604	43604	43628	43628	43628	43628	43628	43628	43628	43628	43628	43628	43857	43857	43857	43857	43857	43857	43857	43857	43857	43857	43857	43857	43857	43857	43857	43857	43857	43857	43857	43857	43857	43857	43857	43857	43857	43857	43857	43857	43857	43857	43857	43857	43857	43857	43857	43857	43857	43857	43857	46892	46892	46892	46892	49568	49568	49568	49568	49568	49568	51744	51744	51744	51744	51744	51744	51744	51744	51744	51744	51744	51744	56657	56657	56657	56657	56657	56657	56657	56657	56657	56657	56657	56657	56657	56657	56657	56657	56657	56657	56657	56657	56657	56657	56657	56657	56657	57553	57553	
29236	29236	29236	34399	35467	35467	35467	35467	35648	35846	37073	37073	37073	37073	37073	37073	37073	38393	38393	39040	40380	40847	40847	40847	40847	40847	40847	40847	40847	40847	40847	40847	40847	40847	40847	40847	40847	40847	40847	40847	40847	40847	40847	40847	40847	40847	40847	40847	40847	40847	40847	40847	40847	40847	40847	40847	40847	40847	40847	40847	40847	40847	40847	40847	40847	40847	40847	40847	40847	40847	40847	40847	40847	40847	40847	40847	40847	40847	40847	40847	40847	40847	40847	40847	40847	40847	40847	40847	40847	40847	40847	40847	40847	40847	40847	40847	40847	40847	40847	40847	40847	40847	40847	40847	40847	40847	40847	40847	40847	40847	40847	40847	42022	42022	42022	42022	42022	42022	42022	42022	42022	42022	42022	42022	42022	42022	42022	42022	42022	
40832	40832	40832	40832	40832	40832	40832	40832	40832	40832	40832	40832	40832	40832	40832	40832	40832	40832	40832	40832	40832	40832	40832	40832	40832	40832	40832	40832	40832	40832	40832	40832	40832	40832	40832	40832	40832	40832	40832	40832	40832	40832	40832	40832	40832	40832	40832	40832	40832	40832	40832	40832	40832	40832	40832	40832	40832	40832	40832	40832	40832	40832	40832	40832	40832	40832	40832	40832	40832	40832	40832	40832	40832	40832	40832	40832	40832	40832	40832	40832	40832	40832	40832	40832	40832	40832	40832	40832	40832	40832	40832	40832	40832	40832	40832	40832	40832	40832	40832	40832	40832	40832	40832	40832	40832	40832	40832	40832	40832	40832	40832	40832	40832	40832	40832	40832	40832	40832	40832	40832	40832	40832	40832	40832	40832	40832	40832	40832	40832	
31274	31274	47882	47882	47882	47882	51034	58433	58433	58433	58433	58433	58433	58433	58433	58433	58433	58433	58433	60552	60552	60552	60552	60552	60552	60552	60552	60552	60552	60552	60552	60552	60552	60552	60552	60552	60552	60552	60552	60552	60552	60552	60552	60552	60552	60552	60552	60552	60552	60552	60552	60552	60552	60552	60552	60552	60552	60552	60552	60552	60552	62301	62301	62301	62301	62301	62301	62301	62301	62301	62301	62301	62301	62301	62301	62301	62301	62301	62301	62301	62301	62301	62301	62301	62301	62301	62301	62301	62301	62301	62301	62301	62301	62301	62301	62301	62301	62301	62301	62301	62301	62301	62301	62301	62301	62301	62301	62301	62301	62301	62301	62301	62301	62301	62301	62301	62301	62301	62301	62301	62301	62301	62301	62301	62301	62301	62301	62301	62301	
19905	21290	21290	30434	37156	37156	39393	39393	39393	39393	39393	39393	39393	39393	39393	39393	39393	39393	39393	39393	39393	39393	39393	39393	39393	39393	39393	39393	39393	39393	39393	39393	39393	39393	39393	39393	39393	39393	39393	39393	39393	39393	39393	39393	39393	39393	39393	39393	41987	41987	41987	41987	41987	41987	41987	41987	41987	41987	41987	41987	41987	41987	41987	41987	41987	43998	43998	44454	44454	44454	44454	44454	44507	44507	44507	44703	44703	44703	44703	44703	44703	44703	44703	44703	44703	44703	47356	47356	52953	52953	52953	52953	52953	52953	52953	52953	52953	52953	52953	52953	52953	52953	52953	52953	52953	52953	52953	53554	53554	54655	54655	54655	54655	54655	54655	54655	54655	54655	54655	54655	54655	54655	54655	54655	54655	54655	54655	54655	54655	
33820	33820	33820	33820	33820	39258	39258	39258	39258	39258	39258	39258	39258	39258	39258	39258	39258	39258	39258	39258	39258	39258	39258	39258	39258	39258	39258	39258	39258	39258	39258	39258	39258	39258	39258	39258	39888	39888	39888	39888	39888	39888	39888	39888	39888	39888	39888	39888	39888	39888	39888	39888	39888	39925	39925	39925	39925	39925	39925	39925	39925	39925	39925	39925	39925	39925	39925	39925	39925	39925	39925	39925	39925	39925	39925	39925	39925	39925	39925	39925	39925	39925	39925	39925	39925	39925	39925	39925	39925	41747	41747	41747	41747	41747	41747	41747	41747	41747	41747	41747	41747	41747	41747	41747	41747	41747	41747	41747	41747	41747	41747	41747	41747	41747	41747	41747	41747	41747	41747	41747	41747	41747	41747	41747	41747	41747	41747	41747	41747	
31958	32845	34172	34172	34900	34900	34900	34900	34900	34900	34900	36890	38148	38148	38148	38148	38148	38148	38148	38148	38148	38148	38148	38148	38148	38148	38991	43765	43765	43765	43765	44807	44807	44807	44807	44807	45820	45820	45820	45820	45820	45820	45820	45820	45820	45820	45820	45820	45820	47586	47586	47586	47586	47586	47586	47586	47586	47586	47586	47586	47586	47586	47586	47586	47586	47586	47586	47586	47586	47586	47586	47586	47586	47586	48203	48203	48203	48203	48203	48203	48203	48203	48203	48203	48203	48203	53849	53849	53849	57245	57245	57245	57245	57245	57245	57245	57245	57245	57245	57245	57245	57245	57245	57245	57245	59275	59275	59275	59275	59275	59275	59275	59275	59275	59275	59275	59275	59275	59275	59275	59275	59275	59275	59275	59275	59275	59275	59275	59275	
37727	37812	40875	44545	46170	46170	46170	46170	46170	46170	46170	46170	46170	46170	46170	47864	47864	47864	47864	47864	47864	47864	47864	47864	47864	47864	47864	47864	47864	47864	47864	47864	47864	47864	48966	48966	48966	48966	48966	48966	48966	48966	48966	48966	48966	48966	48966	48966	48966	48966	48966	48966	48966	48966	48966	48966	48966	48966	48966	48966	48966	48966	48966	48966	48966	48966	48966	48966	48966	48966	48966	48966	48966	48966	48966	48966	48966	48966	48966	48966	48966	48966	48966	48966	48966	48966	48966	49856	49856	49856	49856	53808	53808	54519	54519	54519	54519	54519	54519	54519	54519	54519	54519	54519	54519	54519	54519	54519	54519	57092	57092	57092	61739	61739	61739	61739	61739	61739	61739	61739	61739	61739	61739	61739	61739	61739	61739	61739	61739	
23151	23151	28259	28810	28810	31668	31668	31668	31668	31668	31668	34551	34551	34551	34551	34551	37085	37085	37085	37876	37876	37876	38968	38968	38968	38968	38968	38968	38968	38968	38968	38968	38968	38968	38968	38968	38968	38968	38968	38968	38968	38968	38968	38968	38968	38968	38968	38968	38968	38968	38968	38968	38968	38968	38968	38968	38968	38968	38968	38968	38968	38968	38968	38968	38968	38968	38968	38968	38968	38968	38968	38968	38968	38968	38968	38968	38968	38968	38968	38968	38968	38968	38968	38968	38968	39446	39446	39770	39770	39770	39860	39860	39860	39860	39860	40168	40168	40168	40168	40168	40168	40168	40168	40168	40168	40168	40168	40168	40168	40168	41764	41764	41764	41764	41764	41764	41764	41764	41764	41764	41764	41764	41764	41764	41764	41764	41764	41764	41764	
19606	21436	31252	39596	39596	39596	39596	39596	39596	39596	39596	39596	39596	39596	39596	39596	39596	39596	39596	39596	39596	39596	39596	39596	39596	39596	39596	39596	39596	39596	39596	39596	39596	39596	39596	39596	39596	39596	39596	39596	39596	39596	39596	39596	39596	39596	39596	39596	39596	39596	39596	39596	39596	39596	39596	39596	39596	39596	39596	39596	39596	39596	39596	39596	39596	39596	39596	39596	39596	39596	39596	39596	39596	39596	39596	39596	39596	39596	39596	39596	39596	39639	39639	39639	39639	39639	39639	39639	39639	39639	39639	39639	39639	39639	39885	39885	39885	39885	39885	39885	39885	39885	39885	39885	39885	39885	39885	39885	39885	39885	39885	39885	43243	43243	44359	44359	44359	44359	44359	44359	44359	44498	44955	44955	44955	44955	44955	44955	44955	
27010	27010	36742	36742	36742	36742	38491	38491	38491	38491	38491	38491	38491	38491	38491	38491	38491	38491	38491	42318	42318	42318	42318	42914	42914	42914	42914	42914	42914	42914	42914	42914	42914	43449	43449	46041	47334	47334	47870	47870	47870	47870	47870	47870	47870	47870	47870	47870	47870	47870	47870	47870	47870	47870	47870	47870	47870	47870	47870	47870	48762	48762	51442	51442	51442	51442	51442	51442	51442	51442	56513	56513	56513	56513	56513	56513	56513	58824	58824	58824	58824	58824	58824	58824	58824	58824	58824	58824	58824	58824	58824	58824	58824	58824	58824	58824	58824	58824	58824	59103	59103	59103	59103	59103	59103	59103	59103	59103	59103	59103	59103	59103	59103	59103	59103	59103	59103	59103	59103	59103	59103	59103	59103	59103	59103	59103	59103	59103	59103	
21890	23362	25711	25711	25711	28798	28798	28957	31102	31102	38925	38925	38925	38925	38925	38925	38993	38993	38993	38993	38993	38993	39152	39152	39152	39152	39152	39152	39152	39152	39152	39152	39152	39152	39152	39152	39152	39152	39152	41726	41726	41726	41726	41726	41726	41726	41726	41726	41726	41726	41726	41726	41726	41726	41726	41726	41726	41726	41726	41726	41726	41726	41726	41726	41726	41726	41726	41726	41726	41726	41726	41726	41726	41726	41726	41726	41726	41726	41726	41726	41726	41726	41726	41726	41726	41726	41726	41726	41726	41726	41726	41726	41726	41726	41726	41726	41726	41726	41726	41726	41726	41726	41726	41726	41726	41726	41726	41726	41726	41726	41726	41726	41726	41726	41726	41726	41726	41726	41726	41726	41726	41726	41726	41726	41726	41726	41726	41726	45850	
26021	42155	42155	42155	42155	42155	42155	42155	42155	42155	42155	42155	42155	42155	42155	42155	42155	42155	42155	42155	42155	42155	42155	42155	42155	42155	42155	42155	42155	42155	42155	42155	42155	42155	42155	42155	42155	42155	42155	42155	42155	42155	42155	42155	42155	42155	42155	42155	42155	42155	42155	42155	42155	42155	42155	42155	42155	42155	42155	42155	42155	42155	42155	42155	42155	42155	42155	42155	42155	49572	49572	49572	49572	49572	49572	49572	49572	49572	49572	49572	49572	49572	49572	49572	49572	50414	50414	50414	50414	50414	50414	50414	50414	50414	50414	50414	50414	50414	50414	50414	50414	50414	50414	50414	50414	50414	50414	50414	50414	50414	50414	50414	50414	50414	50414	50414	50414	50414	50414	50414	50414	50414	50414	50414	50414	50414	50414	50414	50414	
24860	28386	28791	31516	32502	36999	37923	38071	39187	39187	39187	39187	39187	39187	39187	39187	39187	39240	39240	39240	39401	39401	43136	43136	43136	43136	43136	43136	43136	43136	43136	43136	43136	43136	43136	43136	43136	43136	43136	43136	43136	43136	43136	43136	43136	43136	43136	43136	43136	43136	43136	43136	43136	43136	43136	43136	43136	43136	43136	43136	43136	43136	43136	43136	43136	43136	43136	43136	43136	43136	43136	43136	43539	43539	43539	43539	43539	43539	43539	43539	43539	43539	43539	43539	43539	43539	43539	43539	43539	43539	43539	43539	43539	43539	43539	43539	43539	43539	43539	43539	43539	43539	43539	43539	46747	46747	46747	46747	46747	46747	46747	46747	46747	46747	50453	50453	50622	50622	50622	50622	50622	50622	50622	50622	50622	50622	50622	50622	50622	
21848	22224	30188	32492	32492	32492	32492	32492	32492	32492	32492	34262	34262	34262	35013	37712	37712	37712	37712	37712	37712	37712	37712	37712	37712	37712	37712	37712	37712	37712	37718	37718	37718	37718	37718	38618	38618	38618	38618	38618	38618	38618	38618	38618	38618	38618	38618	38618	38618	38618	38618	38618	38618	38618	38618	38618	38618	38618	38618	38618	38618	38618	38618	38618	38618	40401	40401	40401	40401	40401	40401	40401	40401	40401	40401	40401	40401	40401	40401	40401	40401	40401	40401	40649	40649	40649	40649	40649	40649	40649	40649	40649	40649	40649	40649	40649	40649	40649	40649	40649	40649	40649	40649	40649	40649	40649	40970	40970	40970	40970	40970	40970	40970	40970	40970	40970	40970	40970	40970	40970	40970	40970	40970	40970	40970	41024	41024	41024	41024	
29011	29011	31715	31812	34064	35458	35786	35814	35814	35814	35814	35814	35814	35814	36484	36484	36484	36484	36484	36980	38469	38469	38469	38469	38500	38500	38869	38869	38869	38869	38869	38869	38869	38869	39784	39784	39784	39784	39784	39784	39784	39784	39784	39784	39784	39784	39784	39784	39784	39784	39784	39784	39784	39784	39784	39784	39784	39784	39784	39784	39784	39784	39784	39784	39784	39784	39784	39784	39784	39784	39784	39784	39784	39784	39784	39784	39784	39784	39784	39784	39784	39784	39784	39784	39784	39784	39784	39784	39784	39817	39817	39817	39817	39817	39817	39817	39817	39817	39817	39817	39817	39817	39817	39817	39817	39817	39817	39817	39817	39817	39817	39817	39943	39943	39943	39943	39943	39943	39943	39943	39943	39943	39943	39943	39943	39943	39943	39943	39943	
30273	30273	30273	31865	32278	32278	34138	34138	34138	34138	34138	34138	34138	34138	34138	34138	34138	34138	34138	34138	34138	36125	36185	36722	36870	36870	36870	36870	36870	36870	36870	36870	36870	36870	37598	37598	37598	37758	37758	37758	37758	37986	37986	37986	37986	37986	37986	37986	37986	37986	37986	37986	37986	37986	37986	37986	37986	37986	37986	37986	37986	37986	37986	37986	37986	37986	37986	37986	37986	37986	37986	37986	37986	37986	37986	37986	37986	37986	37986	37986	37986	37986	37986	37986	37986	37986	37986	37986	37986	38808	38808	38808	39098	39098	39098	39098	39098	39098	39098	39098	39098	39098	39098	39098	39098	39098	49652	49652	49652	49652	49652	49652	49652	49652	49652	49652	49652	49652	49652	49652	49652	49652	49652	49652	49652	49652	49652	52271	52271	
33275	33275	33275	35259	35259	36976	36976	36976	36976	36976	36976	36976	36976	36976	36976	36976	36976	37123	40669	40669	40669	40669	40669	40669	40669	40669	40669	40669	40669	40669	40669	40669	40669	40669	40669	40669	40669	40669	40669	40669	40669	40669	40669	40669	40669	40669	40669	40669	40669	40669	40669	40669	40669	40669	40669	40669	40669	40669	40669	40669	40669	40669	40669	40669	40669	40669	40669	40669	40669	40669	40669	40669	40669	40669	40669	40669	40669	40669	40669	40669	40669	40669	40669	40669	40669	40669	40669	40669	40669	40669	40669	40669	40844	40844	40844	40844	40844	40844	40844	40844	40844	40844	40844	40844	40844	40844	40844	40844	40844	40844	40844	40844	40844	40844	40844	40844	40844	40844	40844	40844	40844	40844	40844	40844	40844	41209	41209	41209	41209	
19948	31226	39983	42081	42081	42081	42081	43559	43559	43559	56468	56468	56468	61405	61405	61405	61405	61405	61405	61405	61405	61405	61405	61405	61405	61405	61405	61405	61405	61405	61405	61405	61405	61405	61405	61405	61405	61405	61405	61405	61405	61405	61405	61405	61405	61405	61405	61405	61405	61405	61405	61405	61405	61405	61405	61405	61405	61405	61405	61405	61405	61405	61405	61405	61405	61405	61405	61405	61405	61405	61405	61405	61405	61405	61405	61405	61405	61405	61405	61405	61405	61405	61405	61405	61405	61405	61405	61405	61405	61405	61405	61405	61405	61405	61405	61405	61405	61405	61405	61405	61405	61405	61405	61405	61405	61405	61405	61405	61405	61405	61405	61405	61405	61405	61405	61405	61405	61405	61405	61405	61405	61405	61405	61405	61405	61405	61405	61405	61405	
14542	15041	15041	15301	15507	15507	18818	20218	20218	20624	20624	20624	20640	20640	20640	20781	20781	20781	20781	23136	24358	24810	24810	26154	26154	26154	26154	26154	26154	26251	34386	35682	35867	36795	36795	36795	36795	36956	36956	36956	36956	36956	36956	37586	37586	37586	38965	38965	38965	38965	38965	38965	38965	38965	38965	38965	38965	38965	38965	38965	38965	38965	38965	38965	38965	38965	38965	38965	38965	38965	38965	38965	38965	38965	38965	38965	38965	38965	43676	43676	44697	44697	46979	46979	46979	53671	53671	53671	53671	53671	53671	53671	53671	53671	53671	53671	53671	53671	53671	53671	53671	53671	53671	53671	54692	54692	54692	54692	54692	54692	54692	54692	54692	54692	54692	54692	54692	56500	56500	56500	56500	56500	56500	56500	56500	56500	56500	56500	56500	
29742	30338	30536	34660	34660	38522	38522	40520	40520	40520	41279	41279	41279	41279	41279	41279	41279	41279	41279	41279	41279	41279	41279	41279	41279	41279	41279	41279	41279	41279	41279	41279	41279	41279	41279	41279	41279	41279	41279	41279	41279	41279	41279	41279	41279	41279	41279	41279	41279	41279	41279	41279	41279	41279	41279	41279	41279	41279	41279	41279	41279	41279	41279	41279	41279	41279	41279	41279	41279	41279	41279	41279	41279	41279	41279	41279	41279	41279	41279	41279	41279	41279	41279	41279	41279	41279	41279	41279	41279	41279	41279	41279	41279	41279	41279	41279	41279	41279	41279	41279	41279	41279	41279	41279	41279	41279	41279	41279	41279	41279	41279	41279	41279	41279	41279	41279	41279	41279	41279	41279	41279	41279	41279	41279	41279	41279	41279	41279	41279	
31768	31768	33118	41687	41687	41687	45406	45406	45406	45406	45406	46673	46673	46673	52059	52059	52059	52059	52116	52116	52116	52116	52116	52116	52116	52116	52116	52116	52116	52116	52186	52186	52186	52186	52186	52186	52186	52186	52186	52186	52186	52186	52186	52831	52831	52831	52831	52831	52831	52831	52831	52831	52831	52831	52831	52831	52831	52831	52831	52831	52831	52831	52831	52831	52831	52831	52831	52831	52831	52831	52831	52831	52831	52831	52831	52831	52831	52831	52831	52831	52831	52831	52831	52831	52831	52831	52831	52831	52831	52831	52831	52831	52831	52831	52831	52831	52831	52831	52831	52831	52831	52831	52831	56068	56068	56068	56068	56068	56068	56068	56068	56068	56068	56068	56068	56068	56068	56068	56068	56068	56068	56068	56068	56068	56068	56068	56068	56068	56068	
28639	28639	28894	28894	28894	28894	28894	35231	35231	35231	35231	35231	35231	35231	35231	35231	35231	35231	35231	35231	35231	35231	35231	35231	35231	35231	35231	35231	35231	35231	35231	35231	36059	36059	36059	36059	36059	36059	36059	36059	36059	36059	38461	38461	38461	38461	38461	38736	38736	38736	38736	38736	38736	38736	38736	38736	38736	39027	39027	39027	39027	39027	39027	39027	39027	39027	39027	39027	39027	39027	39027	39027	39027	39027	39027	39027	39027	39027	39027	39027	39027	39027	39027	39027	39027	39027	39027	39027	39027	39027	39027	39027	39027	39027	39027	39027	39027	39027	39027	39027	39027	39027	39027	39027	39027	39027	39027	39027	39027	39027	39027	39027	39027	39027	39027	39027	39027	39027	39027	39027	39027	39027	39027	39027	39027	39027	39027	39027	39027	
27983	28870	28870	28870	28870	31121	31971	33581	33581	33581	33581	33581	35153	35153	35153	35153	35153	35153	35925	35925	37333	37333	37333	37333	37333	37333	37333	37333	37333	37333	37333	37333	37333	39100	39100	39100	39100	39100	39100	39100	39100	39100	39100	39100	39100	39100	39100	39100	39100	39100	39100	39100	39100	39100	39100	39100	39100	39100	39100	39100	39100	39100	39100	39100	39100	39100	39100	39100	39100	39100	39100	39100	39100	39100	39100	39100	39100	39100	39100	39100	39100	39100	39100	39100	39100	39100	39100	39100	39100	39100	39100	39100	39100	39100	39100	39100	39100	39100	39100	39100	39100	39100	39100	39100	39100	39100	39100	39723	39723	39723	39723	39723	39723	39723	39723	39723	39723	39723	39723	39723	39723	39723	39723	40316	40316	40316	40316	40316	40316	
36895	37010	38343	38343	38343	38343	38343	38343	38343	38343	38343	38343	38343	38343	38343	38343	38343	38343	38343	38343	38343	38343	38469	38955	38955	39480	39480	39480	39480	39480	39480	39480	39480	39480	39480	39778	39778	39778	39778	39778	39778	39778	39778	39778	39778	39778	39778	39778	39778	39778	39778	39778	39778	39778	39778	39778	39778	39778	39778	39778	39778	39778	40161	40161	40161	40161	40161	40161	40161	40161	40161	40161	40161	40161	40161	40161	40161	40161	40161	40161	40161	40161	40161	40161	40161	40161	40161	40161	40161	40161	40161	40161	40161	40161	40161	40161	40161	40161	40161	40161	40460	40460	40460	40460	40460	40460	40460	40460	40460	40460	40460	40460	40460	40460	40460	40460	40460	40460	40460	40460	40460	40460	40460	40460	40460	40460	40460	40460	40460	
30631	36969	36969	36969	36969	36969	36969	36969	36969	36969	36969	38019	38019	38571	38571	38571	38571	38571	38571	38571	38571	39522	39522	39522	39522	48818	48818	48818	48818	48818	48818	48818	48818	48818	48818	49215	49215	49215	49215	49215	49215	49215	49215	49215	49215	49762	49762	49762	49762	49762	49762	49762	49762	49762	49762	49762	49762	49762	49762	49762	49762	49762	49762	54594	54594	54594	54594	54594	54594	54594	54594	54594	54594	54594	54594	54594	54594	54594	54594	54594	54594	54594	54594	54594	54594	54594	54594	54594	54594	54594	54594	56974	56974	56974	56974	56974	56974	56974	56974	56974	56974	56974	56974	56974	56974	56974	56974	56974	56974	60693	60693	60693	60693	60693	60693	60693	60693	60693	60693	60693	60693	60693	60693	60693	60693	60693	60693	60693	60693	
28580	29603	29603	29603	29603	29603	29603	29603	29603	29603	29603	29603	30812	30812	30812	30812	30812	30812	30812	30812	31160	33249	33249	33249	33249	33249	33249	33249	34530	34530	34530	42964	42964	42964	42964	42964	42964	42964	42964	42964	42964	42964	42964	42964	42964	42964	42964	42964	42964	42964	42964	42964	42964	42964	42964	42964	42964	42964	42964	42964	42964	42964	42964	42964	42964	42964	42964	42964	42964	42964	42964	42964	42964	42964	42964	42964	42964	42964	42964	42964	42964	42964	42964	42964	42964	42964	42964	42964	42964	42964	42964	42964	42964	42964	42964	42964	42964	42964	42964	42964	42964	42964	42964	42964	42964	42964	42964	42964	42964	42964	42964	42964	42964	42964	42964	42964	42964	42964	42964	42964	42964	42964	42964	42964	42964	42964	42964	42964	42964	
18050	18351	18351	20225	20225	20286	20509	20509	20509	20731	20731	20875	20875	20875	20875	20875	20875	20875	20875	20875	20875	20875	20875	20875	20875	21249	21661	21661	21661	21661	21661	21661	21661	21661	21661	21661	21661	21661	21670	21670	21670	21670	21670	21670	21670	21670	21670	21670	21670	21670	21670	21670	21670	21670	21670	21670	21670	22927	23940	25423	26682	30047	30047	30047	30047	30318	30318	31936	31936	34283	39158	39158	39158	39158	39158	39158	39158	45529	53092	53092	53092	54776	54776	58572	58572	58572	58572	61583	61583	61583	61583	61583	61583	61583	61583	61583	61583	61583	61583	61583	61846	61846	61846	61846	61846	61846	61846	61846	61846	61846	61846	61846	61846	61846	61846	61846	61846	61846	61846	61846	61846	61846	61846	61846	61846	61846	61846	61846	61846	
35754	39919	40468	40468	40468	40468	40468	40468	40468	40468	40468	40468	40468	40468	40468	40468	40468	40468	40468	40468	40468	40468	40468	40468	40468	40468	40468	40468	40468	40468	40468	40468	40468	40468	40468	40468	40468	40468	40468	40468	40468	40468	40468	40468	40468	40468	41104	41104	41104	41104	41104	41104	41104	41104	41104	41104	41104	41104	41104	41104	41104	41104	41104	41104	41104	41104	41104	41104	41104	41104	41104	41104	41104	41104	41104	41104	41104	41104	41104	41104	41104	41104	41104	41104	41104	41104	41104	41104	41104	41104	41104	41104	41104	41104	41104	41104	41104	41104	41104	41104	41104	41104	41104	41104	41104	41104	41104	41104	41104	41104	41104	41104	41104	41104	41104	41104	41104	41104	41104	41104	41104	41104	41104	41104	41104	41104	41104	41104	41104	
21852	23617	28299	28299	28299	28618	28618	29506	29506	29506	29849	29849	29849	29849	29849	29849	29849	31378	31378	31378	31378	31378	31378	31378	31378	31714	31962	31962	34904	34904	34904	34904	34904	34904	34904	34904	34904	34904	34904	34904	34904	34904	34904	34904	34904	36791	36791	37131	37131	37162	37162	37162	37590	37590	37590	38469	38469	38469	38469	38469	38469	38469	38469	38469	38469	38469	38469	38778	41980	41980	41980	46771	46771	46771	46771	46771	46771	46771	46771	46771	46771	46771	46771	46771	46771	47259	49091	49291	49291	49291	57700	57700	57700	57700	57700	57700	57700	57700	57700	57700	57700	57700	57700	57700	57700	60320	60320	60320	60320	60320	60320	60320	60320	60320	60320	60320	60320	60320	60320	60320	60320	60320	60320	60320	60320	60320	60320	60320	60320	
41454	42765	44477	44477	44477	44477	44477	44477	44477	44477	44477	44477	44477	44477	47384	47384	47384	47384	47384	47384	47384	47384	47384	47384	47384	47384	47384	47384	47384	47384	47384	47384	47384	47384	47384	47384	47384	47384	47384	47384	47384	47384	47384	47384	47384	47384	47384	47384	47384	47384	47384	47384	47384	47384	47384	47384	47384	47384	47384	47384	47384	48343	48343	48343	48343	48343	48343	48343	48343	48343	48343	48343	48343	48343	48343	48343	48343	48343	48343	48343	48343	48343	48343	48343	48343	48343	48343	48343	48343	48343	48343	48343	49992	49992	49992	49992	49992	49992	49992	49992	49992	49992	49992	49992	49992	49992	49992	49992	49992	49992	49992	49992	49992	49992	49992	49992	49992	49992	49992	49992	49992	49992	49992	49992	49992	49992	49992	49992	49992	
30616	31397	31835	35584	35584	35584	35584	35584	35584	38570	38570	38570	38570	38570	39004	39004	39330	39330	39330	39330	39330	39330	39330	39330	39330	39330	39330	39330	39330	39330	39330	39330	39330	39330	39330	39330	39330	39743	39743	39743	39988	39988	39988	39988	39988	39988	39988	39988	39988	39988	39988	39988	39988	39988	39988	39988	39988	39988	39988	39988	39988	39988	39988	39988	39988	39988	39988	39988	39988	39988	39988	39988	39988	39988	39988	39988	39988	39988	39988	39988	39988	39988	39988	39988	39988	39988	39988	39988	39988	39988	39988	39988	39988	39988	39988	39988	39988	39988	39988	39988	39988	39988	39988	39988	39988	39988	39988	39988	39988	39988	39988	39988	39988	39988	39988	39988	46102	46102	50824	50824	50824	50824	50824	50824	50824	50824	50824	50824	50824	
30184	35017	35017	35017	35017	35017	35017	35017	37318	37318	37318	37653	37653	37653	38747	38747	38747	38747	38747	38747	38747	38747	38747	38747	39951	39951	39951	39951	39951	39951	39951	39951	39951	39951	39951	39951	39951	39951	39951	39951	39951	39951	39951	39951	39951	39951	39951	39951	39951	39951	39951	39951	39951	39951	39951	39951	39951	39951	39951	39951	39951	39951	39951	39951	39951	39951	39951	39951	39951	39951	39951	39951	39951	39951	39951	39951	39951	39951	39951	39951	39951	39951	39951	39951	39951	39951	39951	39951	39951	39951	39951	39951	39951	39951	39951	39951	39951	39951	39951	39951	39951	39951	39951	39951	39951	39951	39951	39951	39951	39951	39951	39951	39951	39951	39951	39951	39951	39951	39951	39951	39951	39951	39951	39951	39951	42094	42094	42094	42094	
21987	22753	24537	25403	25403	25403	25403	25403	26946	26946	26946	26946	27982	28429	28504	28504	28504	28866	29277	32779	32779	34708	34829	35030	36111	38145	38953	38953	38953	38953	38953	38953	39179	39179	39179	39179	39179	39179	39179	39179	39179	39179	39179	39179	39179	39179	39179	39179	39179	39179	39179	39966	39966	39966	39966	39966	39966	39966	39966	39966	39966	40137	40137	45895	45895	45895	45895	45895	45895	45895	45895	45895	45895	45895	45895	45895	45895	45895	45895	45895	45895	45895	45895	45895	45895	45895	45895	45895	45895	45895	45895	45895	45895	45895	45895	45895	45895	45895	45895	45895	45895	45895	45895	45895	45895	45895	45895	45895	45895	45895	45895	45895	45895	45895	45895	45895	45895	45895	45895	45895	45895	45895	45895	45895	45895	45895	45895	45895	45895	
28719	28719	28719	28719	28719	28719	28719	28792	28994	28994	28994	28994	28994	28994	28994	29282	29405	29405	29405	29405	29636	29636	29636	29636	29636	29636	29636	29636	29636	30123	30123	30123	30123	30123	30123	30123	30123	30123	30123	30853	30853	30853	30853	30853	30853	30853	30853	30853	33336	38482	38482	38482	38482	38482	38482	38482	38482	38482	38482	38482	38866	38866	38866	38866	38866	38866	38866	38866	38866	38866	38866	38866	38866	38866	38866	38866	38866	38866	38866	38866	38866	38866	38866	38866	38866	38866	38866	38866	38866	38866	38866	38866	38866	38866	38866	38866	38866	38866	38866	38866	39487	39487	39487	39487	39487	39487	39487	39487	39487	39487	39487	39487	39487	39487	39487	39487	39487	39487	39487	39487	39487	39487	43131	43131	43131	43131	43131	43131	43131	
32340	35459	35459	35459	35459	35459	35459	36002	36002	36325	36325	36325	37732	37732	37732	37732	37952	40945	40945	40945	40945	40945	40945	40945	40945	40945	40945	40945	40945	40945	40945	40945	40945	40945	40945	40945	40945	40945	40945	40945	40945	40945	40945	40945	40945	40945	40945	40945	40945	40945	40945	40945	40945	40945	40945	40945	40945	40945	40945	40945	40945	40945	40945	40945	40945	40945	40945	40945	40945	40945	40945	40945	40945	40945	40945	40945	40945	40945	40945	40945	40945	40945	40945	40945	40945	40945	40945	40945	40945	40945	40945	40945	40945	40945	40945	40945	40945	40945	40945	40945	40945	40945	40945	40945	40945	40945	40945	40945	40945	40945	40945	40945	40945	40945	40945	40945	40945	40945	40945	40945	40945	40945	40945	40945	40945	40945	40945	40945	40945	
28278	35006	35006	37499	37499	37499	37499	37636	37636	37986	37986	37986	37986	37986	37986	37986	45042	45042	48525	48525	48525	48525	48525	52069	52069	52069	52069	52069	52069	52069	52069	52069	52069	52069	52069	52069	52069	52069	52069	52069	52069	52069	52069	52069	52069	52069	52069	52626	52626	52626	52626	52626	52626	52626	52626	52626	52626	52626	60552	60552	60552	60552	60552	60552	60552	60552	60552	60552	60552	60552	60552	60552	60552	60552	60552	60552	60552	60552	60552	60552	60552	60552	62198	62198	62198	62198	62198	62198	62198	62198	62198	62198	62198	62198	62198	62198	62198	62198	62198	62198	62198	62198	62198	62198	62198	62198	62198	62198	62198	62198	62198	62198	62198	62198	62198	62198	62198	62198	62198	62198	62198	62198	62198	62198	62198	62198	62198	62198	62198	
28215	33380	37499	37499	37499	39379	40808	42503	42503	42799	42799	42799	45379	45379	45379	45379	49969	49969	49969	49969	49969	49969	49969	49969	49969	49969	50552	50552	50552	50552	50552	50552	50552	50552	50552	53948	53948	57147	57147	57147	57147	57147	57147	57147	57147	57147	57465	57465	57465	57465	58919	58919	58919	58919	58919	58919	58919	58919	58919	58919	58919	58919	58919	58919	58919	58919	58919	58919	58919	58919	58919	58919	58919	58919	58919	58919	58919	58919	58919	58919	58919	58919	58919	58919	58919	58919	58919	58919	58919	58919	58919	58919	58919	58919	58919	58919	58919	58919	58919	58919	58919	58919	58919	58919	58919	58919	58919	58919	58919	58919	58919	58919	58919	58919	58919	58919	58919	58919	58919	58919	58919	58919	58919	58919	58919	58919	58919	58919	58919	
32689	32689	36284	36284	36284	36284	36813	36886	36886	36886	36886	36886	36886	38122	38122	38122	38122	38122	38122	38122	38122	38122	38122	38122	38122	38122	38122	38122	38122	38122	38122	38122	38122	38122	38796	38796	38796	38796	38796	38796	38796	38796	38796	38796	38796	38796	38796	38796	38796	38796	38796	38796	38796	38796	38796	38796	38796	38796	38796	38796	38796	38796	38796	38796	38796	38796	38796	38796	38796	38796	38796	38796	38796	38796	38796	38796	38796	38796	38796	38796	38796	38796	38796	38796	38796	38796	38796	38796	38796	38796	38796	38796	38796	38796	38796	38796	38796	38796	38796	38796	38851	38851	38851	38851	38851	38851	38851	38851	38851	38851	38851	38851	38851	38851	38851	38851	38851	38851	38851	38851	38851	38851	38851	38851	38851	38851	38851	38851	45768	
35967	35967	35967	35967	36314	37134	38359	38359	38359	38359	38359	38359	38359	38359	38359	38359	38359	38359	38359	38359	38359	38359	38359	38359	38359	38359	38359	38359	38359	38359	38359	38359	38359	38359	38359	38359	38359	38359	38359	38359	38359	38359	38359	38359	38359	38359	38359	38359	38359	38359	38594	38594	38594	38594	39286	39286	39286	39286	39286	39286	39286	40333	40333	40333	40333	40333	40333	40333	40333	40333	40333	40333	40333	40333	40333	40333	40333	40333	40333	40333	40333	40333	40333	40333	40333	40333	40333	40333	40333	40333	40333	40333	40333	40333	40333	40333	40333	40333	40333	40333	40333	40333	40333	40333	40333	40333	40333	40333	40333	40333	40333	40333	40333	40333	40333	40333	40333	40333	40333	40333	40333	40333	40333	40333	40333	40333	40333	40333	40333	
18862	25344	25344	25344	25344	25344	25344	25344	25344	26410	29314	29314	29314	29314	29314	30121	30121	30344	30344	37752	37752	37752	37752	37752	37752	37752	37752	37752	38151	38151	38151	38151	38151	38151	38151	38151	38151	39362	39362	39362	39362	39362	40092	40092	40092	40092	40092	40092	40092	40092	40092	40092	40092	40092	40092	40092	40092	40092	40092	40092	40092	40092	40092	40092	40092	40092	40092	40092	40092	40092	40092	40092	40092	40092	40092	40092	40092	40092	40092	40092	40092	40092	40092	40092	40092	40092	40092	40092	40092	40092	40092	40092	40092	40092	40092	40092	40092	40092	40092	40092	40092	40092	40092	40092	40092	40092	40092	40092	40092	40092	40092	40144	40144	40144	40144	40144	40144	40144	40144	40144	40144	40144	40144	40144	40144	40144	40144	40144	40144	
29494	29494	30126	30126	30126	30126	30126	30126	30126	30126	30126	30126	30126	30126	30126	30126	30126	30126	30126	30742	30742	30742	30742	31166	31166	31934	32013	32858	32858	32858	32858	32912	32912	32912	32912	32912	32912	32912	35159	35159	35159	35159	35159	35159	35159	35159	35159	35159	35159	35159	35159	35159	36856	37745	37745	37745	37745	37745	38078	38476	38476	38476	38476	38476	38840	43111	43111	43111	43111	43111	43111	43111	43111	43111	45107	45107	52037	52037	52037	52037	52037	52037	52037	52037	52037	52037	52037	52037	52037	52037	52037	52037	52037	55214	55214	55214	55214	55214	55214	55214	55214	55214	55214	55214	55214	55214	55214	57173	57173	57173	57173	57173	57173	57173	57173	57173	57173	57173	57173	57173	57173	57173	57173	57173	57173	57173	57173	57173	57173	
23998	29478	30577	30577	30577	30868	41451	41451	41850	41850	41850	41850	41850	41850	41850	41850	41850	41850	41850	41850	41850	41850	41850	41850	41850	41850	41850	41850	41850	41850	41850	41850	41850	41850	41850	41850	41850	41850	41850	41850	41850	41850	41850	41850	41850	41850	41850	41850	41850	41850	41850	41850	41850	41850	41850	41850	41850	41850	41850	41850	41850	41850	41850	41850	41850	41850	41850	41850	41850	41850	41850	41850	41850	41850	41850	41850	41850	41850	41850	41850	41850	41850	41850	41850	41850	41850	41850	41850	41850	41850	41850	41850	41850	41850	41850	41850	41850	42329	42329	42329	42329	45246	45246	45246	47479	47562	52803	53206	53206	53206	53206	53206	53206	53206	53206	53206	53206	53206	53206	53206	53206	53206	53206	59818	59818	59818	59818	59818	59818	
23503	28789	28789	28789	28789	28789	28890	37570	37570	37570	37570	37672	38550	38550	38550	38550	38550	38550	38550	38550	38550	38550	38550	38550	38550	39842	39842	39842	39842	39842	39842	39842	39842	39842	39842	39842	39842	39842	39842	39842	39842	39842	39842	40040	40040	40854	40854	40854	40854	40854	40854	40854	40854	40854	40854	40854	40854	40854	40854	40854	40854	40854	40854	40854	40854	40854	40854	40854	40854	40854	40854	40854	40854	40854	40854	40854	40854	40854	40854	40854	40854	40854	40854	40854	40854	40854	40854	40854	40854	40854	40854	40854	40854	40854	40854	40854	40854	40854	40854	40854	40854	40854	40854	40854	40854	40854	40854	40854	40854	40854	40854	40854	40854	40854	40854	40854	40854	40854	40854	40854	40854	40854	40854	40854	40854	40854	40854	40854	40854	
31683	31683	33119	33119	33222	37821	37821	37821	37821	37821	37821	37821	37821	38670	38670	38670	38670	38670	38670	38670	38722	38722	38722	38722	38722	38722	38948	38948	38948	38948	38948	38948	38948	38948	38948	38948	38948	38948	39341	39341	39341	39341	39341	39341	41238	41238	44984	44984	44984	44984	44984	44984	44984	44984	44984	44984	44984	44984	44984	44984	44984	44984	44984	44984	44984	44984	44984	44984	44984	44984	44984	44984	44984	44984	44984	44984	44984	44984	50126	50379	50379	50379	53727	56053	56053	56053	56053	56053	56053	56053	56053	56053	56053	56053	56053	56053	56053	56053	56053	56053	56053	56053	56053	56053	56053	56053	56053	56053	56053	56053	56053	56053	56053	56053	56053	56053	56053	56053	56053	56053	56053	56053	56053	56053	56053	56053	56053	56053	56053	
31955	37411	37411	37411	37411	37411	37411	37411	37411	37411	37411	37411	37411	37411	37411	37411	37411	37411	39652	39652	39652	39652	39652	39652	39652	39652	39652	39652	39652	39652	39652	39652	39652	39652	39652	39652	39652	40493	40493	40493	40493	40493	40493	40493	40493	40493	40493	40493	40493	40493	40493	40493	40493	40493	40493	40493	40493	40493	40493	40493	40493	40493	40493	40493	40493	40493	40493	40493	40493	40493	40493	40493	40493	40493	40493	40493	40493	40493	40493	40493	40493	40493	40493	40493	40493	40493	40493	40493	40493	40493	40493	40493	40493	40493	40493	40493	40493	40493	40493	40493	40493	40493	40493	40493	40493	40493	40493	40493	40493	40493	40493	40493	40493	40493	40493	40493	40493	40493	40493	40493	40493	40493	40493	40493	40493	40493	40493	40493	40493	
31768	35289	35289	35289	35289	35289	35289	35289	35289	35289	35289	35289	35289	35289	35289	35289	35289	35289	35289	35289	35289	35289	35289	35289	35289	35289	35289	35289	35394	35394	36326	36326	36326	36663	36663	38122	38122	49493	50403	54170	54170	54170	54170	54170	54170	54170	54170	54170	54170	54170	54170	54170	54170	54170	54170	54170	54170	54170	54170	54170	54170	54170	54170	54170	54170	54170	54170	54170	54170	54170	54170	54170	54170	54170	54170	54170	54170	54170	54170	54170	54170	54170	54170	54170	54170	54170	54170	54170	54170	54170	54170	54170	54170	54170	54170	54170	54170	54170	54170	54170	54170	54170	54170	54170	54170	54170	54170	54170	54170	54170	54170	54170	54170	54170	54170	54170	54170	54170	54170	54170	54170	54170	54170	54170	54170	54170	54170	54170	54170	
17900	17900	18960	20302	21680	21680	23080	23948	23948	24245	27268	27640	27640	27640	28669	28680	38711	38711	38711	38711	38711	38711	38711	38789	38789	38789	38789	39395	39395	39395	39395	39395	39395	39395	40148	40148	40148	40148	40148	40148	40148	40148	40148	40148	40148	40148	40148	40148	40148	40148	40148	40148	40148	40148	40148	40148	40148	40148	40148	40148	40148	40148	40148	40148	40148	40148	40148	40148	40148	40148	40148	40148	40148	40148	40148	40148	40148	40148	40148	40148	40148	40148	40148	40148	40148	40148	40148	40148	40148	40148	40148	40148	40148	40148	40148	40148	40148	40148	40148	40148	40148	40148	40148	40148	40148	40148	40148	40148	40148	40148	40148	40148	40148	40148	40148	40148	40148	40148	40148	40148	40148	40148	40148	40148	40148	40148	40148	40148	40148	
38047	38047	38899	38899	38899	38899	42007	42007	42007	42007	42007	42007	42007	42007	42007	42007	42007	42007	42007	42007	42007	42007	42007	42007	42007	42007	42007	42007	42007	42007	42007	42007	42007	42007	42007	42007	42007	42007	42007	42007	42007	42007	42007	42007	42007	42007	42007	42007	42007	42007	42007	42007	42007	42007	42007	42007	42007	42007	42007	42007	42007	42007	42007	42007	42007	42007	42007	42007	42007	42007	42007	42007	42007	42007	42007	42007	42007	42007	42007	42007	42007	42007	42007	42007	42007	42007	42007	42007	42007	42007	42007	42007	42007	42007	42007	42007	42007	42007	42007	42007	42007	42007	42007	42007	42007	42007	42007	42007	42007	42007	42007	42007	42007	42007	42007	42007	42007	42007	42007	42007	42007	42007	42007	42007	42007	42007	42007	42007	42007	
16387	25373	27188	28123	30666	31143	31143	31143	31443	31443	31443	31873	32822	39636	39636	39636	39636	39636	39636	39636	39636	39636	39636	39636	39636	39636	39636	39636	39636	39636	39636	41060	41060	41060	41060	43451	43451	43451	43451	43451	43451	43451	43451	44100	46754	46754	46754	49985	49985	49985	49985	49985	49985	49985	51188	51188	51188	51188	51188	51188	51188	51188	51188	51188	51188	51188	51188	51188	51188	51960	51960	51960	51960	51960	51960	51960	51960	56974	56974	56974	60693	60693	60693	60693	60693	60693	60693	60693	60693	60693	60693	60693	60693	60693	60693	60693	60693	60693	60693	60693	60693	60693	60693	60693	60693	60693	60693	60693	60693	60693	60693	60693	60693	60693	60693	60693	60693	60693	60693	60693	60693	60693	60693	60693	60693	60693	60693	60693	60693	
38404	38404	38404	38404	38404	38404	38404	38404	38404	38404	38404	38404	38404	38404	38404	38404	38404	38404	38404	38404	38620	38620	38620	38620	38620	38620	38620	38620	39577	39577	39577	39577	39577	39577	39577	39577	39577	39577	39577	39577	39577	39577	39871	39871	39871	39871	39871	39871	39871	39871	39871	39871	39871	39871	40557	40557	40557	40557	40557	40557	40557	40557	40557	40557	40557	40557	40557	40557	40557	40557	40557	40557	40557	40557	40557	40557	40557	40557	40557	40557	40557	40557	40557	40557	40557	40557	40557	40557	40557	40557	40557	40557	40557	40557	40557	40557	40557	40557	40557	40557	40557	40557	40557	40557	40557	40557	40557	40557	40557	40557	40557	40557	40557	40557	40557	40557	40557	40557	40557	40557	40557	40557	40557	40557	40557	40557	40557	40557	40557	
33700	33700	33700	38797	38797	38797	38797	38797	38797	38797	38797	38797	38797	38797	38797	38797	38797	38797	38797	38797	38797	38797	38797	38797	38797	38797	38797	38797	38797	38797	39541	39541	39541	39541	39541	39829	39829	39829	39829	39829	39829	39829	39829	39829	39829	39829	39829	39829	39936	39936	39936	39936	39936	39936	39936	39936	39936	39936	39936	39936	39936	39936	39936	39936	39936	44010	44010	44010	44010	44010	44841	44841	44841	45225	45225	45225	45225	45225	47348	47348	47348	47587	47587	47587	47587	47587	49697	49697	49697	49697	49697	49697	49697	49697	49697	52810	52810	52810	52810	52810	52810	52810	52810	52810	52810	52810	52810	52810	52810	52810	52810	52810	52810	52810	52810	52810	52810	52810	52810	52810	52810	52810	52810	52810	52810	52810	52810	52810	52810	
23628	24276	25856	26678	26678	26678	26678	30341	31308	31500	31500	32590	39478	39478	39478	39478	39478	39478	39478	39478	39478	39478	39478	39478	39478	39478	39478	39478	39478	39478	40939	42681	42681	42681	50298	51991	51991	51991	51991	51991	51991	51991	51991	51991	51991	51991	51991	51991	51991	51991	51991	51991	51991	51991	51991	51991	51991	51991	51991	51991	51991	51991	51991	51991	51991	51991	51991	51991	51991	51991	51991	51991	51991	51991	51991	51991	51991	51991	51991	51991	51991	51991	51991	51991	51991	52995	54909	54909	54909	54909	54909	54909	59825	59825	59825	59825	59825	59825	59825	59825	59825	59825	59825	59825	59825	59825	59825	59825	59825	59825	59825	59825	59825	59825	59825	59825	59825	59825	59825	59825	59825	59825	59825	59825	59825	59825	59825	59825	59825	
26693	30372	30372	30372	30372	30796	30796	30796	30796	30796	30796	30796	30796	30979	30979	30979	30979	30979	33133	33133	33133	38663	38663	38663	38663	38663	38663	38663	38663	38663	38663	38663	38663	38663	38663	38663	38663	38663	38663	38801	38801	38801	38801	38801	38801	38801	38801	38801	38801	38801	38801	38801	38801	38801	38801	38801	38801	38801	38801	38801	38801	38801	38801	38801	38801	38801	38801	38801	38801	38801	38801	38801	38921	38921	38921	38921	38921	38921	38921	38921	38921	38921	38921	38921	38921	38921	43844	43844	43844	43844	43844	43844	43844	43844	43844	43844	43844	43844	43844	43844	43844	43844	43844	43844	43844	43844	43844	43844	43844	43844	43844	43844	43844	43844	43844	43844	43844	43844	43844	43844	43844	43844	43844	43844	43844	43844	43844	43844	43844	
31898	32458	38197	38197	38197	38197	38197	38600	38836	38836	38836	38836	38836	38836	38836	38836	39900	39900	39900	39900	39900	39900	39900	45178	45178	45178	45178	46934	46934	46934	46934	46934	46934	46934	46934	46934	46934	48400	50602	50602	50602	50602	50602	50602	52981	52981	58433	58433	59722	59722	59722	59722	59722	59722	59722	59722	59722	59722	59722	59722	59722	59722	59722	59722	59722	59722	59722	59722	59722	59722	59722	59722	59722	59722	59722	59722	59722	59722	59722	59722	59722	59722	59722	59722	61739	61739	61739	61739	61739	61739	61739	61739	61739	61739	61739	61739	61739	61739	61739	61739	61739	61739	61739	61739	61739	61739	61739	61739	61739	61739	61739	61739	61739	61739	61739	61739	61739	61739	61739	61739	61739	61739	61739	61739	61739	61739	61739	61739	61739	
26303	26303	26303	31148	31252	31252	32246	39316	39316	39316	39316	39316	39316	39316	39316	39316	39316	39316	39316	39316	39316	39316	39316	39316	39316	39316	39316	39316	39316	39316	39316	40404	40404	40404	42315	42315	42315	42315	42315	42315	42315	42315	42315	42315	42315	42315	42315	42315	42315	42315	42315	42315	42315	42315	42315	42315	42315	42315	42315	42315	42315	42315	42315	42315	42315	42315	42315	42315	42531	42531	48742	48742	48742	48742	48742	48742	48742	48742	52097	52097	59025	59025	61253	61253	61253	61253	61253	61253	61253	61253	61253	61253	61253	61253	61253	61253	61253	61253	61253	61253	61253	61253	61882	61882	61882	61882	61882	61882	61882	61882	61882	61882	61882	61882	61882	61882	61882	61882	61882	61882	61882	61882	61882	61882	61882	61882	61882	61882	61882	
33595	33595	33652	33652	33652	33652	33652	33652	33652	33652	33652	33652	33652	36511	36511	38054	38054	38054	38054	38054	38054	38605	38605	38605	38605	38605	38605	38605	38605	38605	38605	38605	38605	38605	38605	38605	38605	39522	39522	39522	39522	39522	39522	39522	44954	44954	44954	44954	46254	46254	46254	46254	50931	50931	50931	50931	50931	56000	56000	56000	56000	56000	56000	56000	56000	56000	56534	56534	56534	56534	56534	56534	56534	56534	56534	56534	56534	56534	56534	56534	56534	56534	56534	56534	56534	56534	56534	56534	56534	56534	58294	58294	58294	59649	59649	59649	59649	59649	59649	59649	59649	59649	59649	59649	59649	59649	59649	59649	59649	59649	59649	59649	59649	59649	59649	59649	59649	59649	59649	59649	59649	59649	59649	59649	59649	59649	59649	59649	59649	
24675	24675	27434	31046	31046	31046	31046	35336	35336	35508	35508	35508	36145	36145	36145	36145	36145	36145	36402	36556	38570	38570	38570	38570	38570	39018	39018	39062	39062	39062	39062	39062	39062	39062	39062	39062	39062	39062	39062	39062	39062	39062	39062	39062	39062	39062	39062	39062	39062	39062	39062	39062	39062	39062	39062	39062	39062	39062	39062	39062	39062	39062	39062	39062	39062	39062	39062	39062	39062	39062	39062	39062	39062	39062	39062	39062	39062	39062	39062	39062	39062	39062	39062	39062	39062	39062	39062	39062	39062	39062	39062	39062	39062	39062	39062	39062	39062	39062	39106	39106	39106	39106	39117	46565	46565	46565	47329	47329	47329	47329	47329	47329	52032	52032	52032	52032	52032	52032	52032	52032	52032	52032	52032	52032	52032	52032	52032	52032	52032	
35871	37741	37741	37741	37741	37741	38623	38623	38623	38623	38623	38623	38623	38623	38623	38623	38623	38623	38623	38623	40019	40019	40019	40019	40019	40019	40019	40019	40019	40019	40459	40459	40459	40459	40459	40459	40459	40459	40459	40459	40459	40459	40459	40459	40459	40459	40459	40459	40459	40459	40459	40459	40459	40459	40459	40459	40459	40459	40459	40459	40459	40459	40459	40459	40459	40459	40459	40459	40459	40459	40459	40459	40459	40459	40459	40459	40459	40459	40459	40459	40459	40459	40473	40473	40473	40473	40473	40473	40473	40473	40473	40473	40473	40473	40473	40473	40473	40473	40473	40473	40473	40473	40473	40473	40473	40473	40666	40666	40666	44344	44344	44344	44344	50246	50246	50246	50246	50246	50246	50246	50246	53355	53355	53355	53355	53355	53355	53355	53355	
24067	31282	31282	38430	38430	38430	38430	38496	38496	38496	38496	38660	38660	38660	38660	38660	38660	40239	40239	40239	40239	40239	40239	40239	40239	40239	40239	40239	40239	40239	40239	40239	40239	40239	40239	40239	40239	40239	40239	40239	40239	40239	40239	40239	40239	40239	40239	40239	40239	40239	41644	41644	41644	41644	41644	41644	41644	41644	41644	41644	41644	41644	41644	41644	41644	41644	41644	41644	41644	41644	41644	41644	41644	41644	41644	41644	41644	41644	41644	41644	41644	41644	41644	41644	41644	41644	41644	41644	41644	41644	41644	41644	41644	41644	41644	41644	41644	41644	41644	41644	41644	41644	41644	41644	41644	41644	41644	41644	41644	41644	41644	41644	41644	41644	41644	41644	41644	41644	41644	41644	41644	41644	41644	41644	41644	41644	41644	41644	41644	
26318	31972	33074	33453	34075	35024	37918	40084	40084	40084	40084	40084	40084	40084	40084	40084	40084	40084	40084	40084	40084	40084	40084	40084	40084	40084	40084	40084	40084	40084	40734	40734	40734	40734	41170	41170	41170	41170	41333	41333	41333	41333	41333	41333	41333	41333	41333	41333	41333	41333	41333	41333	41333	41333	41333	41333	41333	41333	41333	41333	41333	41333	41333	41333	41333	41333	41333	41333	41333	41333	41333	41333	41333	41333	41333	41333	41333	41333	41333	41333	41333	41333	41333	41333	41333	41333	41333	41333	41333	41333	41333	41333	41333	41333	41333	41333	41333	41333	41333	41333	41333	41333	41333	41333	41333	41333	41333	41333	41333	41333	41333	41333	41333	41333	41333	41333	41333	41333	41333	41333	41333	41333	41333	41333	41333	41333	41333	41333	41333	
17930	22101	22101	22101	23815	23815	23815	25548	30140	30140	30663	35872	39814	39814	39814	39814	43890	43890	43890	43890	43890	43890	43890	43890	43890	43890	43890	43890	43890	43890	43890	43890	43890	43890	43890	43890	43890	43890	43890	43890	43890	43890	43890	43890	43890	43890	43890	43890	43890	43890	43890	43890	43890	43890	43890	43890	43890	43890	43890	43890	43890	43890	43890	43890	43890	43890	43890	43890	43890	43890	43890	43890	43890	43890	43890	43890	43890	43890	43890	43890	43890	43890	43890	43890	43890	43890	43890	43890	43890	43890	43890	43890	43890	43890	43890	43890	43890	43890	43890	43890	43890	43890	43890	43890	43890	43890	43890	43890	43890	43890	43890	43890	43890	43890	43890	43890	43890	43890	43890	43890	43890	43890	43890	43890	43890	43890	43890	43890	43890	
