35376	36197	36197	36197	36197	36197	36197	36197	37369	38569	38569	38569	38569	38569	38569	38569	38569	39170	39170	39170	39170	41944	42340	42340	42340	42340	42340	42340	42340	42340	42340	42340	42340	42340	42340	42340	42340	42340	42340	42340	42340	42340	42340	42340	42340	42340	42340	42340	42340	42340	42340	42340	42340	42340	42340	42340	42340	42340	42340	42340	42340	42340	42340	42340	46030	46030	46030	46030	46030	46030	46030	47837	47837	47837	47837	47837	47837	47837	47837	47837	47837	47837	47837	47837	47837	47837	47837	47837	47837	47837	47837	47837	47837	47837	47837	47837	47837	47837	47837	47837	47837	47837	47837	47837	55322	55322	55322	55322	55322	55322	55322	55322	55322	55322	55322	55322	55322	55322	55322	55322	55322	55322	55322	55322	55322	55322	55322	55322	55322
27130	27655	27655	27655	27655	27655	29612	38354	40071	40071	40071	40071	40071	40071	40071	40071	40071	40071	40071	40071	40071	40071	40071	40071	49208	49208	49208	49208	49208	49208	49208	52609	52609	52609	52609	52609	52609	52609	52609	52609	52609	52609	52609	52609	52609	52609	52609	52609	52609	52609	52609	52609	52609	52609	52609	52609	52609	52609	57919	57919	57919	57919	57919	57919	57919	57919	57919	57919	57919	57919	58632	58632	58632	58632	58632	58632	58632	58632	58632	58632	58632	58632	58632	58632	58632	58632	58632	58632	58632	58632	58632	58632	58632	58632	58632	58632	58632	58632	58632	58632	58632	58632	58632	58632	58632	58632	58632	58632	58632	58632	58632	58632	58632	58632	58632	58632	58632	58632	58632	58632	58632	58632	58632	58632	58632	58632	58632	58632	58632	
30321	30321	30321	34664	37787	39525	39525	39525	39525	39525	39525	39525	39525	39525	39525	39525	39525	39525	39525	39525	39525	39525	39525	39525	39525	39525	39525	39525	39525	39525	40530	40530	40530	40530	40530	40530	40530	40530	40530	40530	40530	40530	42262	42262	42262	42262	42262	47290	51908	51908	51908	51908	51908	51908	51908	51908	51908	51908	51908	51908	55211	55211	55211	55211	55211	55211	55211	55211	55211	55211	55211	55211	55211	55211	55211	55211	55211	55211	55211	55211	55211	55211	55211	55211	55211	55211	55211	55211	55211	55211	55211	55211	55211	55211	55211	55211	55211	55211	55211	55211	55211	55211	55211	55211	56862	56862	56862	56862	56862	56862	56862	56862	56862	56862	56862	56862	56862	56862	56862	56862	56862	56862	56862	56862	56862	56862	56862	56862	56862	
14320	22963	33177	38910	38910	39688	39688	39688	39688	39688	39688	39688	42155	42155	42155	42155	42155	42155	56165	56819	56819	56819	56819	56819	56819	56819	58079	58079	58079	58079	58079	58079	58079	58079	58079	58079	58079	58079	61488	61488	61488	61488	61488	61488	61488	61488	61488	61488	61488	61488	61488	61488	61488	61488	61488	61488	61488	61488	61488	61488	61488	61488	61488	61488	61488	61488	61488	61488	61488	61488	61488	61488	61488	61488	61488	61488	61488	61488	61488	61488	61488	61488	61488	61488	61488	61488	61488	61488	61488	61488	61488	61488	61488	61488	61488	61488	61488	61488	61488	61488	61488	61488	61488	61488	61488	61488	61488	61488	61488	61488	61488	61488	61488	61488	61488	61488	61488	61488	61488	61488	61488	61488	61488	61488	61488	61488	61488	61488	61488	
33990	33990	36963	38799	38799	38799	38799	38799	39202	39202	39202	39202	42901	42901	43442	43442	43442	43442	43442	43442	43442	43442	43442	43442	43442	43442	43442	43442	43442	43442	43442	43442	43442	43442	43442	43442	43442	43442	43442	43442	43442	43442	43442	43442	43442	43442	43442	43442	43442	43442	43442	43442	43442	43442	43442	43442	46460	46460	46460	46460	46460	46460	46460	46460	47411	49121	49121	55481	55481	55481	55481	55481	55481	55481	55481	55481	55481	55481	55481	55481	55481	55481	55481	55481	55481	55481	55481	55481	55481	55481	55481	55481	55481	55481	55481	55481	55481	56567	56567	56567	57152	57152	57152	57152	57152	57152	57152	57152	57152	57152	57152	57152	57152	57152	57152	57152	57152	57152	57152	57152	57152	57152	57152	57152	57903	57903	57903	57903	57903	
29433	30939	31727	31895	31895	31895	35438	35842	35842	37087	37087	37373	37373	37373	37373	38088	38088	38088	38088	38088	38088	38088	38088	38088	38088	38088	39110	39110	39110	39110	39110	39110	39110	39110	39110	39110	39110	39110	39110	39110	39110	39445	39445	39445	39445	39445	39445	39445	39445	39445	39445	39445	39445	39445	39445	39445	39445	39445	39445	39445	40706	40706	40706	40706	40706	40706	40706	40706	40706	40706	40706	40706	40706	40706	40706	40706	40706	40706	40706	40706	40706	40706	40706	40706	40706	40706	40706	40706	40706	40706	40706	40706	40706	40706	40706	40706	40706	40706	40706	40706	40706	40706	40706	40706	40706	40706	40706	40706	41147	41147	48971	48971	48971	48971	48971	48971	48971	48971	48971	48971	48971	48971	48971	48971	48971	48971	48971	48971	49012	
26904	26904	36538	36730	39068	39071	39071	39071	39071	39071	39071	39071	39071	39071	39071	39071	39071	39327	39327	40538	40538	40538	42187	42187	42187	42187	42187	42187	42187	42187	42187	42187	42187	42187	42187	43902	43902	43902	43902	43902	43902	43902	46259	46259	46259	46259	46259	46259	46259	46259	46259	46259	46259	46259	46259	46259	46259	46259	46259	48624	48624	48624	48624	48624	48624	48624	48624	48624	48624	48624	48624	48624	48624	48624	52843	52843	52843	52843	52843	52843	52843	52843	52843	52843	52843	52843	52843	52843	52843	52843	52843	52843	52843	52843	52843	52843	55603	55603	55603	55603	55603	55603	55603	55603	55603	55603	55603	55603	55603	55603	55603	55603	55603	55603	55603	55603	55603	55603	55654	55654	55654	55654	55654	55654	55654	55654	55654	59402	59402	
39243	39243	39243	39243	39243	39243	39243	39961	39961	39961	39961	39961	39961	39961	39961	39961	40204	40204	40204	40204	40204	40204	40204	40204	40204	40204	40204	40204	40204	40204	40204	40204	40204	40204	40204	40204	40204	40204	40204	40204	40204	40204	40204	40204	40204	40204	40204	40204	40204	40204	40204	40204	40204	40204	40204	40204	40204	40204	40204	40204	40204	40204	40204	40204	40204	40204	47221	47221	51808	51808	51808	51808	51808	51808	51808	51808	51808	51808	55389	55389	55389	55389	55389	55389	55389	55389	55389	55389	55389	55389	55389	55389	55389	55389	55389	55389	55389	55389	55389	55389	55389	55389	55389	55389	55389	55389	55389	55389	55389	55389	55389	55389	55389	55389	55389	55389	55389	55389	55389	55389	55389	55389	55389	55389	55389	55389	55389	55389	55389	
33122	39893	39893	39893	39893	39893	39893	39893	39893	39893	40237	40237	40237	40237	40237	40237	43612	43612	43612	43612	43612	43612	43612	43612	43612	43612	43612	43612	43612	43612	43612	43612	43612	43612	43612	43612	43612	43612	43612	43612	43612	43612	43848	43848	47747	47747	47747	47747	47747	48072	51068	51068	51068	51068	51068	51068	51068	51068	51068	52449	52449	52449	52449	52449	52449	52449	52449	52449	52449	52449	52449	52449	52449	52449	52449	52449	52449	52449	52449	52449	52449	52449	52449	52449	52449	52449	52449	52449	52449	52449	52449	54201	54201	54201	54201	54201	54201	54201	55105	55105	55105	55105	55105	55105	55105	55105	55105	55105	55105	55105	55105	55105	55105	55105	55105	55105	55105	55105	55105	55105	55105	55105	55105	55105	55105	55105	55105	55105	55105	
26376	27499	27499	27499	27499	27499	27499	33084	33084	33084	33084	36900	36900	36900	36900	38062	38770	38770	38770	44931	44931	44931	44931	44931	44931	44931	44931	44931	44931	44931	44931	44931	44931	47135	47866	47866	54282	54282	54282	54282	54282	54282	54282	54282	54282	54282	54282	54282	54282	54282	54282	54282	54282	54282	54282	54282	54282	54282	54282	54282	56657	56657	56657	56657	56657	56657	56657	56657	56657	56657	56657	56657	56657	56657	56657	56657	56657	56657	56657	56657	56657	56657	56657	56657	56657	56657	56657	56657	56657	56657	56657	56657	56657	56657	56657	56657	56657	56657	56657	56657	56657	56657	56657	56657	56657	56657	56657	56657	56657	56657	56657	56862	56862	56862	56862	56862	56862	56862	56862	56862	56862	56862	56862	56862	56862	56862	56862	56862	56862	
30843	36004	38366	38366	38366	38366	38366	38366	38366	38366	38366	38366	38366	38366	38366	38366	38366	38366	38366	38366	38366	38366	38366	38366	38366	39015	43542	43542	43542	43542	43542	43542	43542	43542	46039	46039	46039	46039	46039	46039	46039	46039	46039	46039	46039	46039	46039	46039	47375	47375	47375	47375	47375	47375	47375	47375	47375	47626	48084	48084	50080	50080	50080	50080	50080	54068	54068	54423	54423	58825	58825	58825	58825	58825	58825	58825	58825	58825	58825	58825	58825	58825	58825	58825	58825	58825	58825	58825	58825	58825	58825	58825	58825	58825	58825	58825	58825	58825	58825	58825	58825	58825	58825	58825	58825	58825	58825	58825	58825	58825	58825	58825	58825	58825	58825	58825	58825	58825	58825	58825	58825	58825	58825	58825	58825	58825	58825	58825	58825	
24757	24757	25657	26867	26867	26867	27545	27545	28196	29591	29591	29716	29716	30238	30238	30238	31440	31440	31849	31849	31849	31849	31849	31849	31849	31849	32331	32331	37659	37659	42219	42219	42219	42219	42219	42219	44036	44059	44059	44059	44648	44648	44648	44648	44648	44810	44810	44810	44810	50622	50622	56302	56302	56302	56302	56302	56302	56302	56302	56302	56302	56302	56302	56302	56302	56302	56302	56302	56302	56302	56302	56302	56302	56302	56302	56302	56302	56302	56302	56302	56302	56302	56302	56302	56302	56302	56302	56302	56302	56302	56302	56302	56302	56302	56302	56302	56302	56302	56302	56302	56302	56302	56302	56302	56302	56302	56302	56302	56302	56302	56302	56302	56302	56302	56302	56302	56302	56302	56302	56302	56302	56302	56302	56302	56302	56302	56302	56302	56302	
27148	29925	31319	31319	31319	31425	31425	38078	38078	40475	48384	48384	48384	48384	48384	48384	48384	48384	48384	48384	48384	48384	48384	48384	48384	48384	48384	48384	48384	48384	48384	48384	48384	48384	48384	48384	48384	48384	48384	48384	48384	48384	48384	48384	48384	48384	48384	48384	48384	48384	48384	48384	48384	48384	48384	48384	48384	48384	48384	48384	48384	48384	48384	48384	48384	48384	48384	48384	48384	48902	48902	48902	48902	48902	48902	48902	48902	48902	48902	48902	48902	48902	48902	48902	48902	48902	48902	48902	53889	53889	53889	53889	53889	53889	53889	53889	53889	53889	53889	53889	53889	53889	53889	56025	56025	56025	60922	60922	60922	60922	60922	60922	60922	60922	60922	60922	60922	60922	60922	60922	60922	60922	60922	60922	60922	60922	60922	60922	60922	
30194	30194	34830	34830	34830	34830	34830	34830	34830	35965	35965	35965	35965	35965	35965	35965	35965	35965	35965	35965	35965	35965	35965	40550	40550	40550	40550	40550	40550	40550	40943	43421	43421	43421	43421	43421	43421	43421	43421	43421	43421	45841	45841	45841	45841	45841	45841	45841	45841	45841	45841	45841	45841	45841	45841	45841	45841	45841	45841	46227	49719	49719	52070	52070	52070	52070	52070	58100	58100	58100	58100	58100	58100	58100	58100	58100	58100	58100	58100	58100	58100	58100	58100	58100	58100	58100	58100	58100	58100	58100	58100	58100	58100	58100	58100	58100	58100	58100	58100	58100	58100	58100	58100	58100	58100	58100	58100	58100	58100	58100	58100	58100	58100	58100	58100	58100	58100	58100	58100	58100	58100	58100	58100	58100	58100	58100	58100	58100	58100	
26242	31290	31290	31290	31290	31290	31290	31290	31290	31290	32952	32952	33424	33424	33424	33424	33424	36500	36500	36814	36814	38431	38431	38431	47249	47249	47249	47249	47249	47249	47249	47249	47249	47249	47249	47393	47393	47393	47393	47393	47393	47393	47393	47393	47393	47393	47393	47393	47393	47393	47393	47393	47393	47393	47393	47393	47393	47393	47393	48122	48122	48122	48122	48122	48122	48122	48122	48122	48122	48122	48122	48122	48122	48122	48122	51558	51558	51558	51850	51850	51850	51850	51850	51850	51850	51850	51850	51850	51850	51850	51850	51850	51850	51850	51850	51850	51850	51850	51850	51850	51850	51850	51850	51850	51850	51850	51850	51850	51850	51850	51850	51850	51850	51850	51850	51850	51850	51850	51850	51850	51850	51850	51850	51850	51850	51850	51850	51850	51850	
34966	36409	38712	38712	42429	42429	42429	42429	42429	42429	42429	42429	42429	42429	42429	42429	42429	42429	42429	42429	42429	42429	42429	42429	42429	42429	42429	42429	42429	42429	42429	42429	42429	42429	42429	42429	42429	42429	42429	42429	42429	42429	42429	42429	42429	42429	42429	42429	42429	42429	42429	42429	42429	42429	42429	42429	42429	42429	42429	42429	42429	42429	42429	43004	43479	43479	43479	43479	43479	43479	43479	43479	43479	49427	49427	51742	51742	51742	51742	51742	51742	51742	51742	51742	51742	51742	51742	51742	51742	51742	51742	51742	51742	51742	51742	51742	51742	51742	51742	51742	51742	51742	51742	51742	51742	51742	51742	51742	51742	51742	51742	51742	51742	51742	51742	51742	51742	51742	51742	51742	51742	51742	51742	51742	51742	51742	51742	51742	51742	
30013	30013	30013	30013	30115	30115	30115	30115	30115	30115	31542	31542	36434	37325	37325	37325	37325	37325	37325	37325	37325	37325	38944	39395	39675	39675	39675	39675	41566	41566	41566	41566	41566	41566	41566	41566	41566	41566	41566	41566	41566	41566	41566	41566	41566	41566	41566	41566	41566	41566	41566	41566	41566	41566	41566	41566	41566	41566	41566	41566	41566	41566	41566	41566	41566	41566	41566	41566	41566	41566	41566	41566	41566	41566	41566	41566	41566	41566	41566	41566	41566	41566	41566	41566	41566	41566	41566	41566	41566	41566	41566	41566	41566	41566	41566	41566	41566	41566	41566	41566	41566	41566	41566	41566	41566	41566	41566	41566	41566	41566	41566	41566	41566	41566	41566	41566	41566	41566	41566	41566	41566	41566	41566	41566	41566	41566	41566	41566	41566	
36028	36028	37498	39088	42413	42413	42413	42413	42413	42413	42413	42413	42413	42413	42413	42413	42413	42413	42413	42413	42413	42413	42413	42413	42413	42413	42413	42413	42413	42413	42413	42413	42413	42413	49501	49501	49501	51164	51164	51164	51164	51164	51164	51164	51164	51164	51164	51164	51164	51164	51164	51164	51164	51164	51164	51164	51164	51164	51164	51164	51164	51164	51164	51164	51164	51164	51164	51164	51164	51164	51164	51164	51164	51164	51164	51164	51164	51164	51164	51164	51164	51767	51767	56114	56114	56114	56114	56114	56114	56114	56114	56114	56114	56114	56114	56114	56114	56114	56114	56114	56114	56114	56114	56114	56114	56114	56114	56114	56114	56114	56114	56114	56114	56114	56114	56114	56114	56114	56114	56114	56114	56114	56114	56114	56114	56114	56114	56114	56114	
24905	24905	24905	31219	40162	40658	40658	40658	40658	40658	40658	41190	41190	41902	41902	42275	42275	42275	42275	42275	42275	46143	46143	46143	46143	46143	46143	46143	46143	46143	46143	46143	46143	46143	46143	46143	46143	46143	46143	46143	46143	46143	46143	46143	46143	46143	46143	46143	46143	46143	46143	46143	46143	46143	46143	46143	46143	46143	46143	46143	46143	46143	46143	46143	46143	46143	46143	46143	46143	46143	46143	46143	46143	46143	46143	46143	46143	46143	46143	46143	46143	46143	46143	46143	46143	46143	46143	46143	46143	46143	46143	46143	46143	46143	46143	46143	46143	46143	46143	46143	46143	46143	46143	46143	49858	49858	49858	49858	49858	49858	49858	49858	49858	49858	49858	49858	49858	49858	49858	49858	49858	49858	49858	49858	49858	49858	49858	49858	49858	
21495	27702	28756	30756	37433	37433	37433	37433	39891	39891	39891	39891	39891	39891	39891	39891	39891	39891	39891	39891	39891	39891	39891	39891	39891	39891	39891	39891	39891	39891	39891	39891	39891	39891	39937	39937	39937	39937	39937	39937	39937	39937	39937	39937	39937	39937	39937	39937	39937	39937	39937	39937	39937	39937	39937	39937	40439	40439	40439	40439	40439	40439	40439	40439	40439	40439	40439	40439	40439	40439	40439	40439	40439	40439	40439	40439	40439	40439	40439	40439	40439	40439	40439	40439	40439	40439	40439	40439	40439	40439	40439	40439	40439	40439	40439	40439	40439	40439	40439	40439	40439	40439	40439	40439	40439	40439	40439	40439	40439	40439	40439	40439	40439	40439	40439	40439	40439	40439	40439	40439	40439	40439	40439	40439	40439	40439	40439	42638	43542	
29729	31275	31580	31580	32719	33231	37395	37395	37395	39055	39055	39055	39055	39055	39055	39055	39055	39055	39055	39055	39055	39055	39055	39055	40171	40171	40171	40171	40171	40171	40171	40171	40171	40171	40171	40171	40171	40171	40171	40171	40171	40171	40171	40171	40171	40171	40171	40171	40171	40171	40171	40171	40171	40171	40171	40171	40171	40171	40171	40171	40171	40171	40171	40171	40171	40171	40171	40171	40171	40171	40171	40171	40171	40171	40171	40171	40171	40171	40171	40171	40171	40171	40171	40171	40171	40171	40171	40171	40171	40171	40171	40171	40171	40171	40171	40171	40171	40171	40171	40171	40171	40171	40171	40171	40171	40171	40171	40171	40171	40171	48251	48251	48251	48251	48251	51039	52889	52889	55363	55363	55363	55634	56754	56754	56754	56754	56754	56754	56754	
15937	22624	31262	35309	35309	35309	35309	35309	37039	37039	37039	37039	37039	37039	37039	37039	37469	37469	37469	37469	37469	37469	37469	37469	37469	37469	37469	37469	37469	40018	40018	40018	40018	40018	40018	40018	40018	40018	40018	40018	40018	40018	40018	40018	40018	40018	40018	41233	41233	41233	41233	41233	41233	41233	41233	41233	41233	49496	49496	49496	49496	49496	49496	49496	49496	49496	49496	49496	49496	49496	49496	49496	49496	49496	49496	49496	49496	49496	49496	49496	49496	49496	49496	49917	49917	49917	50904	50904	50904	50904	50904	50904	50904	50904	50904	50904	50904	50904	50904	50904	50904	50904	50904	50904	50904	50904	50904	50904	50904	50904	50904	50904	50904	50904	50904	50904	50904	50904	50904	50904	50904	54719	54719	54719	54719	54719	54719	54719	56043	
27482	27482	27482	27638	27638	27638	28430	28430	28430	28430	28677	28677	28677	28677	28677	28677	30081	31195	31195	32068	38031	38031	38031	38031	38031	38031	38031	38031	38031	38031	38031	38031	38031	38031	38031	38031	38031	38031	38031	38361	38361	38361	44735	52065	52065	52065	52065	52065	52065	52065	52065	52065	52065	52065	52065	52065	52065	52065	52065	52065	52065	52065	52065	52065	52065	52065	52065	52065	52065	52065	52065	52065	52065	52065	52065	52065	52065	52065	52065	52065	52065	52065	58781	58781	58781	58781	58781	58781	58781	58781	58781	58781	58781	58781	58781	58781	58781	58781	58781	58781	58781	58781	58781	58781	58781	58781	58781	58781	58781	58781	58781	58781	58781	58781	58781	58781	58781	59818	61253	61253	61253	61253	61253	61253	61253	61253	61253	61253	61253	
35508	37921	37921	38111	38327	38355	38355	38355	38355	38355	44335	44335	44335	44335	44335	44335	44335	44335	44335	45413	45413	45985	47528	47675	47675	47675	47675	47675	47675	47675	47675	47675	47675	47675	47675	47675	47675	50489	50489	50489	54496	54496	54496	57259	57259	57259	57259	57259	57259	57259	57259	57259	57259	57259	57259	57259	57259	57259	57259	57259	57259	57259	57259	57259	57259	57259	57259	57259	57259	57259	57259	57259	57259	57259	57259	57259	57259	57259	57259	57259	57259	57259	57259	57259	57259	57259	57259	57259	57259	57259	57259	57259	57259	57259	57259	57259	57259	57259	57259	57259	57259	57259	57259	57259	57259	57259	57259	57259	57259	57259	57259	57259	57259	57259	57259	57259	57259	57259	57259	57259	57259	57259	57259	57259	57259	57259	57259	57259	57259	
27922	34146	34146	34146	34146	34146	34276	34276	34276	34276	34956	34956	34956	34956	35340	35340	35340	35340	35340	35340	35340	35340	35340	35340	35390	35390	35390	35390	35390	35390	35390	36612	40206	41058	41494	41494	41494	41494	50812	50812	50812	50812	50812	50812	50812	50812	50812	50812	50812	50812	51114	51114	51114	51114	51114	51114	51114	51325	51325	51325	51325	55685	55685	55685	55685	55685	55685	55685	55685	55685	55685	55685	55685	55685	55685	55685	55685	55685	55685	55685	55685	55685	55685	55685	55685	55685	55685	55685	55685	55685	55685	55685	55685	55685	55685	55685	55685	55685	55685	55685	55685	55685	55685	55685	55685	55685	55685	55685	55804	58069	58413	58413	58739	58739	58739	58739	58739	58739	58739	58739	58739	58739	58739	58739	58739	58739	58739	58739	58739	
29514	29514	33916	35173	35173	35173	35173	37337	39680	39680	39680	39680	39680	39680	39680	39680	39680	39680	39680	39680	39680	39680	39680	39680	46273	46273	46273	46273	46273	46273	46273	46273	46273	46273	46273	46273	46273	46273	46273	46273	46273	46273	46273	46273	46273	46273	46273	46273	46273	46273	48086	48086	48086	48086	48086	48086	48086	48086	48086	48086	48086	48086	48086	48086	48086	48086	48086	48086	48086	48086	48086	48086	48086	48086	48086	48086	48086	48086	48086	48086	48086	48086	48086	48086	48086	48086	48086	48086	48086	48086	48086	48086	48086	48086	48086	48086	48086	48086	48086	48086	48086	48086	48086	48086	48086	48086	48086	48086	48086	48086	48086	48086	48086	48086	48086	48086	48086	48086	48086	48086	48086	48086	48086	48086	48086	48086	48086	48086	48086	
30254	32659	36209	36209	36209	36209	38605	38605	38605	38605	38605	38605	38605	38605	38605	38605	38605	38605	38605	38605	38605	38605	38605	38605	38605	39043	39043	39043	39043	39043	39043	39043	39043	39043	39043	39043	39043	39043	39043	39043	39043	39043	39043	39043	39043	39043	39043	39043	39043	39043	39043	39043	39043	39043	39043	39043	39043	39043	39043	39043	39043	39043	39043	39043	39043	39043	39043	39043	39043	39043	39043	39043	39043	39043	39043	39043	39043	39043	39043	39043	39043	39043	39043	39043	39043	39043	39738	39738	39918	39918	39918	41260	41260	41260	41260	41260	41260	41260	41260	41260	41260	41260	41260	41260	41260	41260	41260	41260	41260	41260	41260	41260	41260	41260	41260	41260	41260	41260	41260	41260	41260	41260	41260	41260	41260	42466	42466	42466	42466	
27059	41923	41923	43689	43689	48184	48184	48184	48184	48184	48184	48184	48184	48184	48184	48184	48184	48184	48184	48184	48184	48184	48184	51216	57654	58429	58429	58429	58429	58429	58429	58429	58429	58429	60674	60674	60674	60674	60674	60674	60674	60674	60674	60674	60674	60674	60674	60674	60674	60674	60674	60674	60674	60674	60674	60674	60674	60674	60674	60674	60674	60674	60674	60674	60674	60674	60674	60674	60674	60674	60674	60674	60674	60674	60674	60674	60674	60674	60674	60674	60674	60674	60674	60674	60674	60674	60674	60674	60674	60674	60674	60674	60674	60674	60674	60674	60674	60674	60674	60674	60674	60674	60674	60674	60674	60674	60674	60674	60674	60674	60674	60674	60674	60674	60674	60674	60674	60674	60674	60674	60674	60674	60674	60674	60674	60674	60674	60674	60674	
26321	26871	31510	32978	33389	33389	33389	33389	33389	33389	33389	33803	33803	33803	34249	34249	36188	36188	36188	36188	36188	36188	36188	36188	36831	37136	37932	39374	39374	39374	39374	39374	39374	39374	39374	39374	39374	39374	39374	39374	39374	39374	39374	39838	39838	39838	39838	39838	39838	39838	39838	39838	39838	39838	39838	39838	39838	39838	39838	39838	39838	39838	39838	39838	39838	39838	39838	39838	39838	39838	39838	39838	39838	39838	39838	39838	39838	39838	39838	39838	39838	39838	39838	39838	39838	39838	39838	39838	39838	39838	39838	39838	39838	39838	39838	39838	39838	39838	39838	39838	39838	39838	39838	39838	39838	39838	39838	39838	39838	39838	39838	39838	39838	39838	39838	39838	39838	39838	39838	39838	39838	39838	39838	39838	39838	39838	39838	39838	39838	
30501	35749	35749	35749	37117	37117	37430	37443	37443	37443	37443	37443	37443	37443	38528	38528	38528	38528	38528	38528	38528	38528	38528	38528	38528	38528	38528	38528	38528	38528	38528	38528	38528	38528	38528	38641	38641	38641	38641	38641	38641	38641	38641	38641	38641	38641	38641	38641	38641	38641	38641	38641	38641	38641	38641	38641	38641	38641	38641	38641	38641	38641	38641	38736	38736	38736	38736	38736	39962	39962	39962	39962	39962	39962	39962	39962	39962	39962	39962	39962	39962	39962	39962	39962	39962	39962	39962	39962	39962	39962	39962	39962	39962	39962	39962	39962	39962	39962	39962	39962	39962	39962	39962	39962	39962	39962	39962	39962	39962	39962	39962	39962	39962	39962	39962	39962	39962	39962	39962	39962	39962	39962	39962	39962	39962	39962	39962	39962	39962	
31254	34865	34865	34865	37647	37647	37647	38717	38717	38717	38717	38717	38717	38717	38717	38717	38717	38717	38717	38717	38717	38717	38717	38717	38717	38717	38717	38717	38717	38717	38717	38717	38717	38717	39121	39121	40494	40494	40494	40494	40494	40494	40494	40494	40494	40494	40494	40494	40494	40494	40494	40494	40494	40494	40494	40550	44603	44603	44603	45279	48010	48010	48010	48411	52405	52405	52405	52405	52405	52663	52663	52663	52663	52663	52663	52663	52663	52663	52663	52663	52663	52663	52663	52663	52663	56202	56202	56202	56202	56202	56202	56202	56202	56202	56202	56202	56202	56202	56202	56202	56202	56202	56202	56202	56202	56202	56202	56202	56202	56202	56202	56202	56202	56202	56202	56202	56202	56202	56202	56202	56202	56202	56202	56202	56202	56202	56202	56202	56202	
30173	31647	33922	36094	36094	36094	38721	38721	38721	38721	38721	38721	38721	38721	38721	38764	38764	38764	38764	38764	38764	38764	38764	38764	38764	38764	38764	38764	38764	38764	38764	38764	38764	45780	45780	45780	45780	47944	47944	47944	47944	47944	47944	47944	47944	47944	47944	47944	47944	47944	47944	47944	47944	47944	47944	47944	47944	47944	47944	47944	52931	52931	52931	52931	52931	52931	52931	58544	58544	58544	58544	58544	58544	58544	58544	58544	58544	58544	58544	58544	58544	58544	58544	58544	58544	58544	58544	58544	58544	58544	58544	58544	58544	58544	58544	58544	58544	58544	58544	58544	58544	58544	58544	58544	58544	58544	58544	58544	58544	58544	58544	58544	58544	58544	58544	58544	58544	58544	58544	58544	58544	58544	58544	58544	58544	58544	58544	58544	58544	
15292	15827	16147	29577	29763	29826	31367	36562	36562	36562	36562	36562	36562	36562	37103	37525	45252	45252	45252	45252	45252	45252	45252	47824	47824	47824	47824	47824	47824	47824	47824	47824	47824	47841	47841	47841	47841	47841	47841	47841	47841	47841	47841	47841	47841	47841	47841	47841	47841	47841	47841	47841	47841	47841	47841	47841	47841	47841	47841	47841	47841	47841	47841	47841	47841	47841	47841	47841	47841	47841	47841	47841	48968	48968	48968	48968	48968	48968	48968	48968	48968	48968	48968	48968	48968	48968	48968	53955	53955	53955	53955	53955	59780	59780	59780	59780	59780	59780	59780	59780	59780	59780	59780	59780	59780	59780	59780	59780	59780	59780	59780	59780	59780	59780	59780	59780	59780	59780	59780	59780	59780	59780	59780	59780	59780	59780	59780	59780	59780	
29403	29403	29403	29403	40258	40258	40258	40258	40258	43162	43162	43162	43162	43162	43162	43162	43162	51000	51000	51000	51000	51000	51000	51000	51000	51000	51000	51164	51164	51164	51164	51164	51164	51164	51164	51164	51164	51164	51164	51164	51164	51164	51164	51164	51164	51164	51164	51164	51164	51164	51164	51164	51164	51164	51164	51164	51164	51164	51164	51164	51164	51164	51164	51164	51164	51164	51164	51164	51164	51164	51164	51164	51164	51164	51164	51164	51164	51164	51164	51164	51164	51164	51164	54556	54556	54556	54556	54556	54556	54556	54556	54556	54556	54556	54556	54556	54556	54556	54556	54556	54556	54556	54556	54556	54556	54556	54556	54556	54556	54556	54556	54556	54556	54556	54556	54556	54556	54556	54556	54556	54556	54556	54556	54556	54556	54556	54556	54556	54556	
31081	31081	32294	32294	32294	32633	32633	32766	33868	33868	33868	34713	34713	34713	34713	35290	35290	35290	35290	35290	37179	37179	37179	37179	37179	37179	37179	38094	38094	38094	38094	38094	38094	38094	38094	38094	38094	38094	38107	38107	40520	40520	40520	40520	40520	40520	40520	40520	40520	40520	40520	40520	40520	40520	40520	40520	40520	40520	40520	40520	40520	40520	40520	40520	40520	40520	40520	40520	40520	40520	40520	40520	40520	40520	40520	40520	40520	40520	40520	40520	40520	40520	40520	40520	40520	40520	40520	40520	40520	40520	40520	40520	40520	40520	40520	40520	40520	40520	40520	40520	40520	40520	40520	40520	40520	40520	40520	40520	40520	40520	40520	40520	40520	40520	40520	40520	40520	40520	40520	40520	40520	40520	40520	40520	40520	40520	40520	40520	40520	
18206	18251	18863	19315	19663	19663	19842	19842	19842	19969	20133	20133	20133	20133	20133	21224	21224	21224	23251	23251	23251	28611	28956	29128	29128	29581	29581	30281	30281	30281	30281	30281	30281	31270	31270	31270	31270	36051	36051	36051	36051	40177	41496	41496	43304	43304	44357	44357	44357	44357	44357	44357	44357	44357	45242	45242	45242	45242	45242	45242	45242	45242	45242	45242	45242	45242	45242	45242	45242	45242	45242	48322	48322	50963	50963	50963	50963	50963	50963	50963	50963	50963	50963	56439	56439	56439	56439	56439	56439	56439	56439	56439	56439	56439	56439	56439	56439	56439	56439	56439	56439	56439	56439	56439	56439	56439	56439	56439	56439	56439	56439	56439	56439	56439	56439	56439	56439	56439	56439	56439	56439	56439	56439	56439	56439	56439	56439	56439	56439	
28576	28940	34089	34089	34361	34361	39603	39603	39603	43358	43358	43358	43358	43358	43358	43358	43358	43358	43358	43358	43358	43358	43358	43358	43358	43358	43358	43358	43358	44641	44641	44641	46262	49097	49097	50663	50663	50663	50663	50663	50663	50663	50663	50663	50663	50663	50663	50663	50663	50663	50663	50663	50663	50663	50663	50663	50663	50663	50663	56239	56239	56239	56239	56239	56239	56239	56239	56239	56239	56239	56239	61497	61497	61497	61497	61497	61497	61497	61497	61497	61497	61497	61497	61497	61497	61497	61497	61497	61497	61497	61497	61497	61497	61497	61497	61497	61497	61497	61497	61497	61497	61497	61497	61497	61497	61497	61497	61497	61497	61497	61497	61497	61497	61497	61497	61497	61497	61497	61497	61497	61497	61497	61497	61497	61497	61497	61497	61497	61497	
36266	36460	36676	37980	37980	37980	37980	37980	37980	37980	37980	37980	38222	38222	38222	38222	38222	38222	38222	38222	38222	39044	39044	39044	39044	39044	39044	39044	39044	39044	39044	39044	39044	39044	39044	39044	39044	39044	39044	39044	39044	39044	39044	39044	39044	39044	39044	39044	39044	39044	39044	39044	39044	39044	39044	39044	39044	39044	39044	39044	39429	39429	39429	39429	39429	39429	39429	39429	39429	39429	39429	39429	40858	40858	40858	40858	40858	40858	40858	40858	40858	40858	40858	40858	40858	40858	40858	40858	40858	40858	40858	40858	40858	40858	40858	40858	40858	40858	40858	40858	40858	40858	40858	40858	40858	40858	40858	40858	40858	40858	40858	40858	40858	40858	40858	40858	40858	40858	40858	40858	40858	40858	40858	40858	40858	40858	40858	40858	40858	
14115	15685	15685	16763	20668	20668	20668	20668	22079	22079	22250	23792	23809	24143	25934	25934	26137	26137	26137	27264	27264	28137	30476	30476	30476	33288	33288	33288	33288	33288	33288	33288	33288	33288	33288	33288	37960	37960	37960	37960	37960	37960	40936	40936	40936	40936	40936	40936	40936	40936	40936	40936	40936	40936	40936	40936	40936	40936	40936	40936	40936	40936	40936	40936	40936	40936	40936	40936	40936	40936	40936	40936	40936	40936	40936	40936	40936	40936	40936	40936	40936	40936	40936	40936	40936	40936	40936	40936	40936	40936	40936	40936	40936	40936	40936	40936	40936	40936	40936	40936	40936	40936	40936	40936	40936	40936	40936	40936	40936	40936	40936	40936	40936	40936	40936	40936	40936	40936	40936	40936	40936	40936	40936	40936	40936	40936	40936	40936	40936	
21886	23238	28699	28699	30150	32389	32389	32389	32704	34077	34077	34077	35056	35056	35056	35056	35056	35056	35056	36192	36192	36192	37320	37320	37320	37320	37320	37320	37320	37600	37935	37935	37935	37935	37935	39183	39183	39183	39183	39183	39183	39183	39183	39183	39183	39373	39373	39373	39373	39373	39373	39373	39373	39373	39373	39373	39373	39373	39373	39373	39373	39373	39373	39373	39373	39373	39373	49318	49318	49318	49318	49318	49318	49318	49318	49318	49318	49318	49318	49318	49318	49318	49318	49318	49318	49318	49318	49318	49318	49318	50789	50789	50789	50789	50789	50789	50789	51002	51002	55111	55111	55111	55111	55111	55111	55111	55111	55111	55111	55111	55111	55111	55111	55111	55111	55111	55111	55111	55111	55111	55111	55111	55111	55111	55111	55111	55111	55111	55111	
31000	31000	31000	31824	33820	33820	33920	33920	33920	33920	33920	35017	35493	35493	35885	40994	40994	45107	45107	45107	45107	45107	45107	45107	45107	45107	45107	45107	45107	45107	45107	45107	45107	45107	45107	45107	45107	45107	45107	45107	45107	45107	45107	45107	45107	45107	45107	45107	45107	45107	45107	45107	50152	50152	50152	50152	50152	50152	53474	53474	53474	53474	53474	53474	53474	53474	53474	53474	53474	53474	53474	53474	53474	53474	53474	53474	53474	53474	53474	53474	53474	53474	53474	53474	53474	53474	53474	53474	53474	53474	53474	53474	53474	53474	53474	53474	53474	53474	53474	53474	56043	56043	56043	56043	56043	56043	56043	56043	56043	56043	56043	56043	56043	56043	56043	56043	56043	56043	56043	56043	56043	56043	56043	56043	56043	56043	56043	56043	56043	
35399	35399	35399	35399	35399	35399	35399	38071	38071	38071	38071	38071	38071	38071	38071	38071	38071	38071	38590	38590	38590	38590	38590	38590	38590	38590	38590	38590	38590	38590	38590	38590	38590	38590	38590	38590	38590	38590	38590	38590	38590	38590	38590	38590	38590	38590	38590	38590	38590	38590	38590	38590	38590	38590	38590	38590	38590	38590	38590	38590	38590	38590	38590	38590	38590	38590	38590	38590	38590	38590	38925	38925	38925	38925	38925	38925	38925	38925	38925	38925	38925	38925	38925	38925	38925	38925	38925	38925	38925	38925	38925	38925	38925	38925	38925	38925	38925	39721	39721	42390	42390	42390	42390	42390	42390	42390	42390	42390	42390	42390	42390	42390	42390	42390	42390	42390	42390	42390	42390	42390	42390	42390	42390	42390	42390	42390	42390	42390	42390	
31557	31557	31557	31557	31557	31557	31557	36380	37643	37643	37643	37643	37643	37643	37643	37643	37643	37643	37643	37643	37643	37643	37643	37643	37643	37643	37643	37643	37643	37643	39632	39632	39632	39632	39632	39632	39632	39632	39632	39791	39791	39791	39791	39791	39791	39791	39791	39791	39791	39791	39791	39791	39791	39791	39791	39791	39791	39791	40165	40165	40165	40165	40165	40165	40165	40165	40165	40165	43790	43790	43790	43790	43790	43790	43790	43790	43790	43790	43790	43790	46122	46122	46122	46122	46122	46122	46122	46122	46122	46209	46209	46209	46209	46209	46209	46209	46209	46209	46209	46209	46209	46209	46209	46209	46209	46209	46209	46209	46209	46209	46209	46209	46209	46209	46209	46209	46209	46209	46209	46209	46209	46209	46209	46209	46209	46209	46209	46209	46209	
27538	36266	36266	39232	39232	39232	39232	39232	39232	39232	39232	39232	39232	39232	39232	39232	39232	39232	39232	39232	39232	39232	39232	39232	39232	39232	39232	39232	39232	39232	39232	39232	39232	39232	39232	39232	39232	39232	39232	39232	39232	39232	39232	39232	39232	39232	39776	39776	39776	39776	47635	47635	47635	47635	47635	47635	47635	47635	47635	47635	47635	47635	47635	47635	47635	47635	47635	47635	47635	50625	50625	52837	53138	53138	53138	53138	53138	53138	53138	53138	53138	53138	53138	53138	53138	53365	53365	53365	53365	53365	53365	53365	53365	53365	53365	53365	53365	53365	53365	53365	53365	53365	53365	53365	53365	53365	53457	53457	53457	53457	53457	53457	54037	54037	54037	54037	54037	54037	54046	54046	54046	54046	54046	54046	54046	54046	54046	54046	54046	
24746	29011	29011	29011	29011	29011	29011	29011	29011	29011	29011	29011	29011	29011	29011	29011	30749	30749	31033	35290	35290	35290	35290	35660	37822	37822	37822	37822	37822	37822	37822	37822	37822	37822	37822	37822	37822	37822	37822	37822	37822	37822	37822	37822	37822	46270	46270	46270	46270	46270	46270	46270	46270	46270	46270	46270	46270	46270	46270	46270	46270	46270	46270	46270	46270	46270	46270	46270	46270	46270	46270	46270	46270	46270	46270	46270	46270	46270	46270	46270	46270	46270	46270	46270	46270	46270	46270	46270	46270	46270	46270	46270	46270	46270	46270	46270	46270	46270	46270	46270	46270	46270	46270	46270	46270	46270	46270	46270	46270	46270	46270	46270	46270	46270	46270	46270	46270	46270	46270	46270	46270	46270	46270	46270	46270	46270	46270	46270	46270	
34866	34866	34866	34866	34866	34866	34866	34866	34866	34866	34866	34866	34866	34866	34866	36924	36924	36924	37877	37877	37877	37877	37877	37877	37877	37877	37877	37900	37900	37900	37900	37900	37900	37900	37900	37900	37900	37900	37900	37900	37900	39201	39201	39628	39628	40462	40462	40462	40462	40462	43873	43873	45652	45652	45652	45652	45652	45652	45652	45652	45652	45652	45652	45652	45652	45652	45652	45652	45652	45652	45652	45652	45652	45652	45652	45652	45652	45652	45652	45652	45652	45652	45652	45652	45652	45652	45652	45652	45652	45652	45652	45652	45652	45652	45652	45652	45652	45652	45652	45652	45652	45652	45652	45652	45652	45652	45652	45652	45652	45652	45652	45652	45652	45652	47472	47472	47472	48225	48225	49742	49742	49742	53147	53147	53147	53147	53147	53147	53147	
32533	32533	36154	36154	36154	36154	36154	36154	36154	36285	39050	39050	39050	39050	44327	44327	44327	44327	44327	44327	44327	44327	44327	44327	44327	51648	51648	51648	51648	51648	51648	51648	51648	51648	51648	51648	54780	54780	54780	54780	54780	54780	54780	54780	54780	54780	54780	54780	54780	54780	54780	54780	54780	54780	54780	54780	54780	54780	54780	54780	54780	54780	54780	54780	54780	54780	54780	54780	54780	54780	54780	54780	54780	54780	54780	54780	54780	54780	54780	54780	55523	55523	55523	55523	55523	55523	55523	55523	55523	55523	55523	55523	55523	55523	55523	55523	55523	55523	55523	55523	55523	55523	55523	55523	55523	55523	55523	55523	55523	55523	55523	55523	55523	55523	55523	55523	55523	55523	55523	55523	55523	55523	55523	55523	55523	55523	55523	55523	55523	
19731	19731	24857	24857	24857	31628	31628	31628	31628	33467	33467	33467	33467	33467	33467	33467	33467	33467	33467	36735	36735	36735	36735	39749	43585	43585	43585	43585	43585	43585	43585	43585	43585	43585	43585	43585	43585	43585	43585	43585	43585	43585	43585	43585	43585	43585	43585	43585	43585	43585	43585	43585	43585	43585	43585	43585	43585	43585	43585	43585	43585	43585	43585	43585	43585	43585	43585	43585	43585	43585	43585	43585	43585	43585	43585	43585	43982	43982	43982	43982	43982	47928	50905	50905	50905	54872	54872	54872	54872	54872	54872	54872	54872	54872	54872	54872	54872	54872	54872	54872	54872	54872	54872	54872	54872	54872	54872	54872	54872	54872	54872	54872	54872	54872	54872	54872	54872	56019	56019	56019	56019	56019	56019	56019	56019	56019	56019	56019	56019	
29325	30121	30443	33242	33242	33752	35961	35961	37693	39815	39815	39815	46098	46098	46098	46098	51422	51422	51422	51422	51422	51422	51422	51422	51422	51422	51422	51422	51422	51422	51422	51422	51422	51422	51422	51422	51422	51422	51422	51422	51422	51422	51422	55385	55385	55385	55385	55385	55385	55385	55385	55385	57554	57554	57554	57554	57554	57554	57554	57554	57554	57554	57554	57554	57554	57554	57554	57554	57554	57554	57554	57554	57554	57554	57554	57554	58996	58996	58996	58996	58996	58996	58996	58996	58996	58996	58996	58996	58996	58996	58996	58996	58996	58996	58996	58996	58996	58996	58996	58996	58996	58996	58996	58996	58996	58996	58996	58996	58996	58996	58996	58996	58996	58996	58996	58996	58996	58996	58996	58996	58996	58996	58996	58996	58996	58996	58996	58996	58996	
35373	35373	35373	35373	35373	35373	35373	35373	35373	35786	35786	37278	37278	37278	37278	37278	37278	37278	37278	37278	37278	37278	37278	37278	37278	37278	39200	39200	39200	39200	39200	39200	39349	39349	39349	39349	39349	39349	39349	39349	39349	39349	39349	39349	39349	39349	39349	39349	39349	39349	39349	39349	39349	39349	39349	39349	39349	39349	39349	39349	39349	39349	39349	39349	39349	39349	39349	39349	39349	39349	39349	39349	42399	42399	42399	45987	45987	45987	45987	45987	45987	45987	45987	45987	45987	45987	45987	45987	45987	45987	45987	45987	45987	45987	45987	45987	45987	45987	45987	45987	45987	45987	45987	45987	45987	45987	45987	47788	47788	47788	48500	48500	48500	48500	48500	48500	48500	48500	49040	49040	49040	49040	55844	55844	55844	55844	55844	55844	56164	
21777	21920	26555	26555	26555	26752	26752	26752	26752	26752	26752	26752	26752	28350	28350	28350	28350	30283	30283	31651	31651	37402	37402	37402	37614	39515	39515	39515	39515	39515	39515	39515	39515	39515	39515	39515	39515	39515	39515	39515	39515	39515	39515	39515	39515	39515	39515	39515	39515	39515	39515	39515	39515	39515	39515	39515	39515	39515	39515	39515	39515	39515	39825	39825	39825	39825	40657	40657	40657	40657	40657	40657	40657	40657	40657	40657	40657	40657	40657	40657	40657	40657	40657	40657	42818	42818	42818	42818	42818	42818	42818	42818	42818	42818	42818	43436	43436	43436	43436	43436	43436	43436	43664	45480	45480	45480	45480	45480	45480	45480	45480	45480	45480	45480	45480	45480	45480	45480	45480	45480	45480	45480	45480	45480	45480	45480	45480	45480	45480	
36705	39046	39046	39046	39046	39046	39046	39046	39046	39046	39046	39046	39046	39046	39046	39046	39046	39046	39046	39046	39046	39713	39713	39713	39713	39713	39713	39713	39713	39713	39713	39800	39800	40067	40067	40067	40067	40067	40067	40067	40067	40067	40067	40067	40067	40067	40067	40067	40067	40067	40067	40067	40067	40067	40067	40067	40067	40067	40067	40067	40067	40067	40067	40067	40067	40067	40067	40067	40067	40067	40067	40087	40087	40087	40087	40087	40087	40087	40087	40087	40087	40087	40087	40087	40087	40087	40087	40087	40087	40087	40087	40087	40087	40087	40087	40087	49054	51155	51155	51155	51155	51155	51155	51155	51155	51155	51155	51155	56299	56299	56299	56299	56299	56299	56299	56299	56299	56299	56299	56299	56299	56299	56299	56299	56299	56299	56299	56299	56299	
29583	32697	32697	33042	33861	39502	39502	39502	39502	39502	39502	39502	39502	40166	40166	40166	40166	40166	40166	40166	40166	40166	40166	40166	40166	40166	40166	40166	40340	40340	40340	40340	40340	40340	40340	40340	40340	40340	40340	40340	40340	40340	40340	40340	40340	40340	40340	40340	40340	40340	40340	40340	40340	40340	40340	48330	48330	48330	48330	48330	48330	48330	48330	48330	48330	48330	48330	48330	48330	48330	48330	48330	48330	48330	48330	48330	48330	48330	48330	48330	48340	55844	55844	55844	55844	55844	55844	55844	56043	56043	56043	56043	56043	56043	56043	56043	56043	56043	56043	56043	56043	56043	56043	56043	56043	56043	56043	56043	56043	56043	56043	56043	56043	56043	56043	56043	56043	56043	56043	56043	56043	56043	56043	56043	56043	56043	56043	56043	56043	
28593	28635	31105	31105	31105	31105	34265	34265	34265	34265	43240	43240	43602	43602	43602	43602	47339	47339	47339	48332	48332	48332	48332	48332	48332	48332	48332	48332	48332	48332	48332	48332	48332	51220	51220	51220	52569	52569	52569	52569	54168	54168	54168	54168	54168	54168	54168	54168	54168	54168	54168	54168	54168	54168	54168	54168	54168	54168	54168	54168	54168	54168	54168	54168	54168	54168	54168	54168	54168	54168	54168	54168	54168	54168	54168	54168	54168	54168	54168	54168	54168	54168	54168	54168	54168	54168	54168	54168	54168	54168	54168	54168	54168	54168	54168	54168	54168	54168	54168	54168	54168	54168	54168	54168	54168	54168	54168	54168	54168	54168	54168	54168	54168	54168	54168	54168	54168	54168	54168	54168	54168	54168	54168	54168	54168	54168	54168	54168	54168	
29579	29579	29579	30086	30086	30205	30667	30667	30667	32067	38446	41553	41553	41553	41553	41553	41553	41553	41553	41799	41799	41799	41799	42687	42687	42687	42876	43698	43698	43698	43698	43698	43698	43698	43698	43698	43698	43698	44312	44312	44312	44312	44312	44312	44312	44312	44312	44312	44312	44312	44312	44312	44312	44312	44312	44312	44312	44312	44312	44312	44312	44312	44759	44759	44759	44759	44759	44759	44759	44759	44759	44759	44759	44759	44759	44759	44759	44759	44759	44759	44759	44925	44925	44925	44925	44925	44925	44925	45852	45852	45852	45852	45852	45852	45852	45852	45852	45852	45852	45852	45852	45852	45852	45852	45852	45852	45852	45852	45852	45852	45852	45852	45852	45852	45852	45852	45852	45852	45852	45852	45852	45852	45852	45852	45852	45852	45852	45852	45852	
27983	27983	27983	29533	30071	30071	30071	32011	32011	32011	32011	35808	39892	39892	39892	39892	39892	39892	39892	39892	39892	39892	39892	39892	39892	39892	39892	39892	39892	39892	39892	39892	39892	39892	39892	39892	39892	39892	39892	39892	39892	39892	39892	39892	39892	39892	39892	39892	39892	39892	39892	39892	39892	39892	39892	39892	39892	39892	39892	39892	39892	39892	39892	39892	39892	39892	39892	39892	39892	39892	39892	39892	39892	39892	39892	39892	39892	39892	39892	39892	39892	39892	39892	39892	39892	39892	39892	39892	39892	39892	39892	39892	39892	39892	39892	39892	39892	39892	39892	39892	39892	39892	39892	39892	39892	39892	39892	39892	39892	39892	39892	39892	39892	39892	39892	39892	39892	39892	39892	39892	39892	39892	39892	39892	39892	39892	39892	39892	39892	
18099	19261	24943	24981	25350	25350	26023	26023	31345	31345	31345	31345	32116	32116	33231	33231	33231	33231	35452	35452	35452	35452	35452	35452	35452	35452	35452	35452	37837	37837	37837	37837	39108	39108	39108	39108	39313	39313	39313	40216	44672	44672	44672	44672	44672	44672	44672	44672	44672	44672	44672	44672	44672	44672	44672	44672	44672	44672	44672	48605	48605	51720	51720	51720	51720	51720	51720	51720	51720	51720	51720	51720	51720	51720	51720	51720	54570	54570	54570	54570	54570	54570	59379	59379	59379	59379	59379	59379	59379	59379	59379	59379	59379	59379	59379	59379	59379	59379	59379	59379	59379	59379	59379	59379	59379	59379	59379	59379	59379	59379	59379	59379	59379	59379	59379	59379	59379	59379	59379	59379	59379	59379	59379	59379	59379	59379	59379	59379	59379	
27852	28032	28565	32613	32613	32613	32926	32926	32926	32926	32926	32926	32926	32926	32926	32926	32926	32926	39439	39439	39439	39439	39439	39439	39439	39439	39439	39439	39439	39439	39439	39439	39439	39439	39439	39439	39439	39439	39439	39439	43858	46761	48891	48891	48891	48891	48891	48891	48891	48891	54430	54430	54430	54430	54430	54430	54430	54430	54430	54430	54430	54430	54430	54430	54430	54430	54430	54430	54430	54430	54430	54430	54430	54430	54430	54430	54430	54430	54430	54430	54430	54430	54430	54430	54430	54430	54430	54430	54430	54430	54430	54430	54430	54430	54430	54430	54430	54430	54430	54430	54430	54430	54430	54430	54430	54430	54430	54430	54430	54430	54430	54430	54430	54430	54430	54430	54430	54430	54430	54430	54430	54430	54430	54430	54430	54430	54430	54430	54430	
24809	32199	37841	37841	37841	39712	39712	39712	39712	39712	39712	39712	39712	39712	39712	39712	39712	39712	39712	39712	39712	39712	39712	39712	39712	39712	39712	39712	39712	43393	43393	44893	51332	51332	51332	51332	51332	51332	51332	51332	51332	51332	51332	51332	51332	51332	51332	51332	51332	51332	51332	51332	51332	51332	51332	51332	51332	51332	51332	51332	51332	51332	51332	51332	51332	51332	51332	51332	51332	51332	51332	51332	51332	51332	51332	57512	57512	57512	57512	57986	57986	60560	60560	60560	60560	60560	60560	60560	60560	60560	60560	60560	60560	60560	60560	60560	60560	60560	60560	60560	60560	60560	60560	60560	60560	60560	60560	60560	60560	60560	60560	60560	60560	60560	60560	60560	60560	60560	60560	60560	60560	60560	60560	60560	60560	60560	60560	60560	60560	
34607	34829	34829	34829	34829	34829	34829	34829	39347	39347	39347	39347	39347	39347	39347	39347	39347	39347	39347	39347	39347	39347	39347	39347	39347	39347	39347	39347	39347	39347	39347	39347	39347	39347	39347	39347	39347	39347	39347	39347	39347	39347	39347	39347	39347	39347	39347	39347	39347	39347	39347	39347	39347	39347	39347	39347	39347	39347	39347	39347	39347	39347	39347	39347	39347	39347	39347	39347	39347	39347	39347	39347	39347	39347	39347	39347	39347	39347	39347	39347	39347	39347	39347	39347	39347	39347	39856	39856	39856	39856	40509	40509	40509	40509	40509	40509	40509	40509	40509	40509	40509	40509	40509	40509	40509	40509	40509	40509	40509	40509	40509	49552	49552	49552	49552	49552	49552	49552	49552	49552	49552	49840	49840	49840	49840	49840	49840	49840	49840	
28143	28437	28437	28762	36392	37718	37718	38073	38073	38073	38073	38233	38233	38233	38233	38233	38233	38233	38233	38233	38233	38233	38233	38233	38233	38233	38233	38233	40433	40433	41871	41871	41871	41871	42113	42113	43073	43073	43073	43073	43379	43379	43379	45303	45303	45303	45303	45373	48026	48026	48026	48026	48026	48026	48026	48026	48026	48026	48026	48026	48026	49942	49942	49942	49942	49942	49942	49942	49942	49942	49942	49942	49942	49942	49942	49942	49942	49942	49942	49942	49942	49942	49942	49942	49942	49942	49942	49942	49942	49942	49942	49942	54387	54387	54387	54387	54387	54387	54387	54387	54387	54387	54387	54387	54387	54387	54387	54387	54387	54387	54387	54387	54387	54387	54387	54387	54387	54387	54387	54387	54387	54387	54387	54387	54387	54387	54387	54387	54387	
23505	23514	27192	27192	27192	27192	27192	33075	33493	33493	33493	33493	33493	33493	33493	33996	36608	36608	36608	36608	36608	36608	36608	36608	36608	36608	36608	36608	36751	36751	37240	37240	37240	37240	37240	37240	37240	37240	37240	37240	37240	37240	37240	37240	37240	37240	37240	37240	37240	37645	38063	38063	38830	38830	38830	38830	38830	38830	38830	38830	38830	43194	43258	43258	43258	43258	43258	43258	43258	43258	43258	43258	43258	43258	43258	43258	43258	44027	44027	49374	49374	49374	49374	49374	49374	49374	49374	49374	49374	49374	49374	49374	49374	49374	49374	49374	49374	50576	50576	54298	54298	54298	54298	54298	54298	54298	54298	54298	54298	54298	54298	54298	54298	54298	54298	54298	54298	54298	54298	54298	54298	54298	54298	54298	54298	54298	54298	54298	54298	
24976	26392	27608	33525	34410	34410	34410	34410	34410	34410	34410	34410	34410	35624	36431	36979	36979	36979	36979	36979	36979	36979	36979	36979	36979	36979	36979	36979	36979	37337	37337	37337	40127	40127	40127	40127	40127	40127	40127	40127	40127	40127	40127	40127	40127	40127	40127	40127	40127	40127	40127	40127	40127	40127	40127	40127	40127	40127	40127	40127	40127	40127	40127	40127	40127	40127	40127	40127	40127	40127	40127	40127	40127	40127	40127	40127	40127	40127	40127	40127	40127	40127	40127	40127	40127	40127	40127	40127	40127	40127	40127	40127	40127	40127	40127	40127	40127	40127	40127	40127	40127	40127	40127	40127	40127	40127	40127	40127	40127	40127	40127	40127	40127	40127	40127	40127	40127	40127	40127	40127	40127	40127	40127	40127	40127	40127	40127	40127	40127	
32201	37782	37782	37782	38305	38305	38320	38320	39018	39018	39018	39018	39018	39018	39672	39672	39672	39672	39963	39963	39963	39963	39963	39963	39963	39963	39963	39963	39963	39963	39963	39963	39963	39963	39963	39963	39963	39963	39963	39963	40074	40074	40074	40074	40074	40074	40074	40074	40074	40074	40074	40074	40074	40074	40074	40074	42323	42323	42323	43447	43447	43447	43447	43447	43447	43447	43447	43447	43447	43447	43447	43447	44111	44111	44111	44111	44111	44111	44111	45117	45117	45117	46969	47086	47086	51139	51139	51139	51139	52094	52094	52094	52094	52094	52094	52094	52094	52094	52094	52094	52094	52094	52094	52094	52094	52094	53457	53457	53457	53457	53457	54635	54635	54635	54635	54635	54635	54635	54635	54635	54635	54635	54635	54635	54635	54635	54635	56114	56114	
34201	34545	34545	34545	35716	35716	37290	37511	37511	37511	37511	37511	39578	39578	39578	39578	39578	39578	39578	39578	39578	39578	39578	39578	39578	39578	39578	39578	39578	39578	39578	39578	39578	39578	39578	39578	39578	39578	39578	39578	39578	39578	39578	39578	39578	39578	39578	39578	39578	39578	39578	39578	39578	39578	39578	39578	39578	39578	39578	39578	39578	39578	39578	39578	39578	39578	39578	39578	39578	39578	39578	39578	39578	39578	39578	39578	39578	39578	39578	39578	39578	39578	39578	39578	39578	47017	47017	47017	47017	47017	47017	47017	48651	48651	48940	48940	48940	48940	48940	48940	48940	48940	48940	48940	48940	49360	49360	49360	49360	49360	49360	49360	49360	56494	56494	56494	56494	56494	56494	56494	56494	56494	56494	56494	56494	56494	56494	56494	57919	
22599	25962	25962	27799	27799	27799	28747	31175	31175	33336	33336	33336	33390	33390	37508	37508	37508	37508	37508	37508	37508	37508	37508	37508	37508	37508	37508	37518	38941	38941	38941	38941	38941	38941	38941	39693	39726	39726	39726	39726	39726	39726	39726	39726	39726	39726	39726	39726	39726	39726	45586	50756	50756	56808	56808	56808	56808	56808	56808	56808	56808	60717	60717	60717	60717	60717	60717	60717	60717	60717	60717	60717	60717	60717	60717	60717	60717	60717	60717	60717	60717	60717	60717	60717	60717	60717	60717	60717	60717	60717	60717	60717	60717	60717	60717	60717	60717	60717	60717	60717	60717	60717	60717	60717	60717	60717	60717	60717	60717	60717	60717	60717	60717	60717	60717	60717	60717	60717	60717	60717	60717	60717	60717	60717	60717	60717	60717	60717	60717	
21882	26414	26547	26547	30845	30845	30845	30845	30845	30845	30845	36170	36170	36170	36170	36339	36939	36939	36939	36939	39292	39292	39292	39292	39497	39497	39497	39497	39549	39549	39549	39549	39549	39549	39549	39549	39549	39549	39549	39549	39549	39549	39549	39549	39549	39549	39549	39549	39549	39549	39549	39549	39549	39549	39549	39549	39549	39549	39549	39549	39549	39549	39549	39549	39549	39549	39549	39549	39549	39549	39549	39549	39549	39549	39549	39549	39549	39549	39549	39549	39549	39549	39549	39549	39549	39549	39549	39549	39549	39549	39549	39549	39549	39549	39549	39549	39549	39549	39549	39549	39549	39549	39549	39549	39549	39549	39549	39549	39549	39549	39549	39549	39549	39549	39549	39549	39549	39549	39549	39549	39549	39865	39865	40456	42228	42228	42228	42228	42228	
35575	37176	37176	37176	37176	37176	37176	37176	37232	37232	37232	37232	38244	38244	38244	38244	38244	38244	38244	38244	38244	39721	39721	39721	39721	39721	39721	39721	39721	39721	39721	39721	39721	39721	39721	39721	39721	39721	39721	39721	39721	39721	39721	39721	39721	39721	39721	39721	39721	39721	39721	39721	39721	39721	39721	39721	39871	39871	39871	39871	39871	39871	39871	39871	39871	39871	39871	39871	39871	39871	39871	39871	39871	39871	39871	41497	41497	42888	42888	42888	42888	43088	43088	44868	44868	44868	44868	44868	44868	44868	44868	44868	44868	44868	44868	44868	44868	44868	44868	44868	44868	44868	44868	44868	44868	44868	44868	44868	44868	44868	44868	44868	50033	50033	50033	50033	50033	50033	50033	50033	50930	50930	51522	51522	51522	51522	53175	53175	53175	
27065	38935	38935	38935	38935	38935	38935	39163	39163	43468	43468	43886	43886	43945	43945	43945	43945	43945	43945	43945	43945	43945	43945	43945	43945	43945	43945	43945	43945	43945	43945	43945	43945	43945	43945	43945	43945	43945	43945	43945	43945	43945	43945	44060	44060	44060	44060	44060	44060	44060	44060	44060	44060	44060	44060	44060	44060	44060	44060	44060	44060	44060	44060	44060	44060	44060	44060	44060	44060	44060	44060	44060	44060	44060	44060	44060	44060	44060	44060	44060	44060	44060	44060	44060	44060	44060	44060	44060	44060	44060	44060	44060	44060	44060	44060	44060	44060	44060	44060	44060	44060	44060	44060	44060	44060	44060	44060	44060	44060	44060	44060	44060	44060	44060	44060	44060	44060	44060	44060	44060	44060	44060	44060	44060	44060	44060	44060	44060	44060	
26879	29014	35017	39096	39096	39096	39096	39096	39096	39096	39096	40478	40478	40478	40478	40478	40478	40478	40478	40478	40478	40478	40478	40478	40478	40478	40478	40478	40478	40478	40478	40478	40478	40478	43880	43880	47620	47620	47620	47620	47620	47620	50448	50448	50448	50448	50448	50448	52768	52768	55150	55150	55150	55150	55150	55150	55150	55150	55150	55150	55150	55150	55150	55150	55150	55150	55150	55150	55150	55150	55150	55150	55563	55563	55563	55563	55563	55563	55563	55736	55736	55736	55736	55736	55736	55736	55736	55736	55736	55736	55736	55736	55736	55736	55736	55736	55736	56531	56531	56531	56531	56531	56531	56531	56531	56531	56531	56531	56531	56531	56531	56531	56531	56531	56531	56531	56531	56531	56531	56531	56531	56531	56531	56531	56531	56531	56531	56531	56531	
29584	29792	29957	37437	37437	38441	38441	38716	38716	38716	38716	38716	38716	38716	38716	38716	38716	38716	38716	38716	38716	38716	38716	38716	38716	38716	38716	38716	38716	38716	38716	38716	38716	38716	38716	38716	38716	38716	38716	38716	38716	38716	38716	38716	38716	38716	38716	38716	38716	38716	38716	38716	38716	38716	38716	38716	38716	38716	38716	38716	38716	38716	38716	38716	38716	38716	38716	38716	38716	38716	38716	38716	38716	38716	38716	38716	38716	38716	38716	38716	38716	38716	38716	38716	38830	38830	38830	38830	38830	38830	38830	38830	38830	39519	39519	39519	39519	39519	39519	39519	39519	39519	39519	39519	39519	39519	39519	39519	39519	39519	39519	39519	39519	39519	39519	39721	39721	39965	39965	39965	39965	39965	39965	39965	39965	41395	41395	41395	41395	
38712	38783	38783	38783	38783	38783	38783	38783	38783	38783	38783	39571	39571	39571	39571	39571	39571	39571	39571	39571	39571	39571	39571	39571	39571	39571	39571	39571	39571	42416	42416	42416	42416	42416	42416	42416	42416	42416	42416	42416	42416	42416	42416	42416	42416	42416	42416	42416	42416	42416	42416	42416	42416	42416	42416	42416	42416	42416	42416	42416	42416	42416	42416	42416	42416	42416	42416	42416	42416	42416	42416	42416	42416	42416	42416	42416	42416	45967	45967	45967	45967	45967	45967	45967	46209	46209	46209	46209	46209	46209	46209	46209	46209	46209	46209	46209	46209	46209	46209	46209	46209	46209	46209	46209	46209	46209	46209	46209	46209	46209	46209	46209	46209	46209	46209	46209	46209	46209	46209	46209	46209	46209	46209	46209	46209	46209	46209	46209	46209	
37477	40613	40613	40613	40613	40613	47411	47411	47411	47411	47411	47411	47411	47411	47411	47411	47411	47411	47411	47411	51293	51293	51293	51293	51293	51293	51293	51293	51293	51293	53074	53074	53074	53074	53074	53074	53074	53074	53074	53074	53074	53074	53074	53074	53074	53074	53074	53074	53074	53074	53074	53074	53074	53074	53074	53074	53074	53074	53386	53386	53386	53386	53386	53386	53386	53386	53386	53386	53386	53386	53386	53386	53386	53386	53386	53386	53386	53386	53386	53386	53386	53386	53386	53386	53386	53386	53386	53386	53386	53386	53386	53386	53386	53386	53386	53386	53386	53386	53386	53386	53386	53386	53386	53386	53386	53386	53386	53386	53386	53386	53386	53386	53386	53386	53386	53386	53386	53386	53386	53386	53386	53386	53386	53386	53386	53386	53386	53386	53386	
39630	39630	39630	39630	39630	39630	39630	39630	39630	39630	39630	39630	39630	39630	39630	39630	39630	39630	39630	39630	43396	43396	44234	44234	44234	44234	44234	44234	44234	44234	44234	44234	48006	48006	48006	48006	50919	50919	50919	50919	50919	50919	50919	51312	51394	51394	51394	51394	51394	51394	51394	51394	51394	52888	52888	56003	56003	56003	56003	60922	60922	60922	60922	60922	60922	60922	60922	60922	60922	60922	60922	60922	60922	60922	60922	60922	60922	60922	60922	60922	60922	60922	60922	60922	60922	60922	60922	60922	60922	60922	60922	60922	60922	60922	60922	60922	60922	60922	60922	60922	60922	60922	60922	60922	60922	60922	60922	60922	60922	60922	60922	60922	60922	60922	60922	60922	60922	60922	60922	60922	60922	60922	60922	60922	60922	60922	60922	60922	60922	
17323	17323	23252	23252	23252	23252	23252	23252	23252	23252	23252	25483	25483	25483	29068	29068	29068	29068	29068	29068	29068	29068	29068	29068	29068	29068	29068	29068	29068	29068	29068	29068	31150	31150	31150	31150	31150	31150	31150	31150	31150	31150	31150	31150	31150	31150	31150	31150	31150	31150	31150	31150	31150	31150	31150	31150	31150	31150	31150	31150	31334	32992	32992	32992	32992	32992	32992	33722	33722	33722	33722	33722	34027	38348	38348	38348	38348	38514	38514	38514	38514	38514	38977	38977	38977	38977	38977	38977	38977	38977	38977	38977	38977	38977	38977	39425	39425	39425	39425	39425	39425	39425	39425	39425	39425	39425	39425	39425	39425	39425	41547	41547	41547	41924	41924	41924	44724	44724	44724	44724	44724	44724	44724	44724	44724	44724	44724	44724	44724	
40712	40712	40712	40712	40712	40712	40712	40712	40712	40712	40712	40712	44992	44992	44992	44992	47932	47932	47932	47932	47932	47932	47932	47932	50708	51020	51020	51020	51020	51020	51020	51444	51444	51444	52080	52080	52080	52080	52080	52080	52080	52080	52080	52080	52080	52080	52080	52080	52080	52080	52080	52612	52612	52612	52612	52612	52612	52612	52612	52612	52612	52612	52612	52612	52612	52612	52612	52612	52612	52612	52612	52612	52612	52612	52612	52612	52612	52612	52612	52612	52612	52612	52612	52612	52612	52612	52612	52612	52612	52612	52612	52612	52612	52612	52612	52612	52612	52612	52612	52612	52612	52612	52612	52612	52612	52612	52612	52612	52612	52612	52612	52612	52612	52612	52612	52612	52612	52612	52612	52612	52612	52612	52612	52612	52612	52612	52612	52612	54556	
26330	30931	30931	32042	32042	32042	32042	32042	32042	32042	32042	32042	32042	32042	32042	32042	32042	34299	34299	34299	39342	39342	39342	46175	46175	46175	46175	46175	46175	46175	50057	57654	57654	57654	57654	60587	60587	60587	60587	60587	60587	60587	60587	60587	60587	60587	60587	60587	60587	60587	60587	60587	60587	60587	60587	60587	60587	60587	60587	60587	60587	60587	60587	60587	60587	60587	60587	60587	60587	60587	60587	60587	60587	60587	60587	60587	60587	60587	60587	60587	60587	60587	60587	60587	60587	60587	60587	60587	60587	60587	60587	60587	60587	60587	60587	60587	60587	60587	60587	60587	60587	60587	60587	60587	60587	60587	60587	60587	60587	60587	60587	60587	60587	60587	60587	60587	60587	60587	60587	60587	60587	60587	60587	60587	60587	60587	60587	60587	60587	
25304	30155	30155	32706	36729	36729	36729	36729	36729	36729	36729	36729	36729	36729	36729	36729	38314	38615	38615	38615	40622	40622	40622	40622	40622	40622	40622	40622	40622	40622	40622	40622	40622	40622	40622	40622	40622	40622	40622	40622	40622	40622	40622	40622	40622	40622	40622	40622	40622	40622	40622	40622	40622	40622	40622	40622	40622	40622	40622	40622	40622	40622	40622	40622	40622	40622	40622	40622	40622	40622	40622	40622	40622	40622	40622	40622	40622	40622	40622	40622	40622	40622	40622	40622	40622	40622	40622	40622	43096	43096	43096	43096	43096	43096	43096	43096	43096	43096	43096	43096	43096	43096	43096	48088	48088	48088	48088	48088	48088	48088	48088	49096	49466	55551	55551	55551	58632	58632	58632	58632	58632	58632	58632	58632	58632	58632	58632	58632	58632	
30806	38914	41444	41444	52695	52695	52695	52695	52695	57341	57341	57512	57512	57512	57512	57512	58675	58675	58675	61783	61783	61783	61783	61783	61783	61783	61783	61783	61783	61783	61783	61783	61783	61783	61783	61783	61783	61783	61783	61783	61783	61783	61783	61783	61783	61783	61783	61783	61783	61783	61783	61783	61783	61783	61783	61783	61783	61783	61783	61783	61783	61783	61783	61783	61783	61783	61783	61783	61783	61783	61783	61783	61783	61783	61783	61783	61783	61783	61783	61783	61783	61783	61783	61783	61783	61783	61783	61783	61783	61783	61783	61783	61783	61783	61783	61783	61783	61783	61783	61783	61783	61783	61783	61783	61783	61783	61783	61783	61783	61783	61783	61783	61783	61783	61783	61783	61783	61783	61783	61783	61783	61783	61783	61783	61783	61783	61783	61783	61783	
36090	39749	39749	39749	39749	39749	41023	41023	41023	41023	41023	41023	41023	41023	41023	41023	41023	41023	41023	41023	41023	41023	41023	41023	41023	41023	41023	41023	41023	43363	43363	44812	44812	44812	44812	44812	44812	44812	44812	44812	44812	44946	44946	44946	44946	44946	44946	44946	44946	44946	44946	44946	44946	44946	44946	44946	44946	44946	44946	44946	44946	44946	44946	44946	44946	45962	45962	45962	45962	45962	45962	45962	46224	46224	46224	46224	46224	46224	46224	46224	46224	46224	46224	46224	46224	46224	46224	46224	46224	46224	46224	46224	46224	46224	46224	46224	46224	46224	46224	46224	46224	46224	46224	46224	46224	46224	46224	46224	46224	46224	46224	46224	48675	48675	48675	48675	48675	48675	48755	48755	48755	54181	54181	54181	54181	54181	54181	54181	54181	
27662	32863	32863	35399	35399	35399	35898	35898	35898	35898	41181	41181	41181	41181	41181	41181	41181	41181	41181	41181	41181	41181	41181	41181	41181	41181	41181	41181	41181	41181	41181	41181	41181	41181	41181	41181	41181	41181	41181	41181	41181	41181	41181	41181	41181	41181	41181	44655	44655	44655	44655	44655	44655	44655	44655	44655	44655	44655	44655	44655	44655	44655	44655	44655	44655	44655	44655	49271	49271	51972	51972	51972	51972	51972	51972	51972	51972	51972	51972	51972	51972	51972	51972	51972	51972	51972	51972	51972	51972	51972	51972	51972	51972	51972	51972	51972	51972	51972	51972	51972	51972	51972	51972	51972	51972	51972	51972	51972	52795	52795	53144	53144	53144	53144	53144	53144	53144	56900	56900	56900	56900	56900	56900	56900	56900	56900	56900	56900	56900	
37136	38033	38033	38033	38033	38033	51597	51597	51597	51597	51597	52566	52566	52566	56521	56521	56521	56521	56521	56521	56521	56521	56521	56521	56521	56521	56521	56521	56521	56521	56521	56521	56521	56521	56521	56521	56521	56521	56521	56521	56521	56521	56521	56521	56521	56521	56521	56521	56521	56521	56521	56521	56521	56521	56521	56521	56521	56521	56521	56521	56521	56521	56521	56521	56521	56521	56521	56521	56521	56521	56521	56521	56521	56521	56521	56521	56521	56521	56521	56521	56521	56521	56521	56521	56521	56521	56521	56521	56521	56521	56521	56521	56521	56521	56521	56521	56521	56521	56521	56521	56521	56521	56521	56521	56521	56521	56521	56521	56521	56521	56521	56521	56521	56521	56521	56521	56521	56521	56521	56521	56521	56521	56521	56521	56521	56521	56521	56521	56521	
40130	40130	40130	40130	40130	40130	40130	40130	40130	40130	40130	40130	40130	40130	40130	40130	40130	40130	40130	40130	40130	40130	40130	40130	40130	40130	40130	40130	40130	40792	41725	41725	41725	41725	41725	41725	41725	41725	46456	46456	46456	46456	46456	46456	46456	46456	46456	46456	46456	46456	49096	49096	49096	55098	55098	57667	57667	57667	57667	57667	57667	57667	57667	57667	57667	57667	57667	57667	57667	57667	57667	57667	57667	57667	57667	57667	57667	57667	57667	57667	57667	57667	57667	57667	57667	57667	57667	57667	57667	57667	57667	57667	57667	57667	57667	57667	57667	57667	57667	57667	57667	57667	57667	57667	57667	57667	57667	57667	57667	57667	57667	57667	57667	57667	57667	57667	57667	57667	57667	57667	57667	57667	57667	57667	57667	57667	57667	57667	57667	
30924	31122	34432	35996	35996	35996	35996	35996	40729	40729	40729	40729	40729	40729	40729	40729	40729	40729	40729	40729	40729	40729	40729	40729	40729	40729	40729	40729	40729	40729	40729	40729	40729	40729	40729	40729	40729	40729	40729	40729	40729	40729	40729	40729	41853	41853	41853	43262	43262	43262	43262	43262	43262	50410	50460	50460	50460	50460	50460	50460	50460	50460	50460	50460	50460	50460	55407	55407	55407	55407	55407	55407	55407	55407	55407	55407	55407	55407	55407	55407	55407	55407	55407	55407	55407	55407	55407	55407	55407	55407	55407	55407	55407	55407	55407	55407	55407	55407	55407	55407	55407	56931	56931	56931	56931	56931	56931	56931	56931	56931	56931	56931	56931	56931	56931	56931	56931	56931	56931	56931	56931	56931	56931	56931	56931	56931	56931	56931	56931	
25248	25248	26981	26981	26981	26981	26981	26981	26981	26981	26981	29271	29271	30484	31022	31022	31969	37569	37569	37569	38963	38963	39281	39281	39281	39281	39281	39465	39465	39465	39465	39465	39465	39465	39465	39465	39465	39465	39465	39465	39465	39465	39465	39465	39465	39465	39465	39465	46778	46778	46778	46778	46778	46778	46778	50932	52072	52072	52072	52072	52072	52072	52072	52072	52072	52072	52072	52072	56745	56745	57384	57384	57384	57384	57384	57384	57384	57384	57384	57804	57804	57804	57955	57955	57955	60579	60579	60579	60579	60579	60579	60579	60579	60579	60579	60579	60579	60579	60579	60579	60579	60579	60579	60579	60579	60579	60579	60579	60579	60579	60579	60579	60579	60579	60579	60579	60579	60579	60579	60579	60579	60579	60579	60579	60579	60579	60579	60579	60579	
21067	28777	28871	28871	31056	37205	37205	37614	37614	37614	37614	38359	38467	38467	46617	46617	46617	46617	46617	46617	46617	46617	46617	54458	54458	54458	54458	54458	54458	54458	54458	54458	54458	54458	54458	54458	54458	54458	54458	54458	54458	54458	54458	54458	54458	54458	54458	54458	54458	54458	54458	54458	54458	54458	54458	54458	54458	54458	54458	54458	54458	54458	54458	54458	54458	54458	54458	54458	54458	54458	54458	54458	54458	54458	54458	54458	54458	54458	54458	54458	54458	54458	54458	54458	54458	54458	54458	54458	54458	54458	54458	54458	54458	54458	54458	54458	54458	54458	54458	54458	54458	54458	54458	54458	54458	54458	54458	54458	54458	54458	54458	54458	54458	54458	54458	54458	54458	54458	54458	54458	54458	54458	54458	54458	54458	54458	54458	54458	54458	
30069	30069	33049	33049	39889	39889	39889	39889	39889	39889	39889	39889	39889	39889	39889	39889	39889	39889	39889	39889	39889	39889	39889	39889	39889	39889	39889	39889	39889	39889	39889	39889	39889	39889	39889	39889	39889	39889	39889	39889	39889	39889	39889	39889	39889	39889	39889	39889	39889	39889	39889	39889	39889	39889	39889	39889	39889	39889	39889	39889	39889	39889	39889	39889	39889	39889	39889	39889	39889	39889	39889	39889	39889	39889	39889	39889	39889	39889	39889	39889	39889	39889	39889	39889	39889	39889	39889	39889	39889	39889	39889	39889	39889	39889	39889	39889	39889	39889	39889	39889	39889	39889	39889	39889	39889	39889	39889	39889	39889	39889	39889	39889	39889	39889	39889	39889	39889	39889	39889	39889	39889	39889	39889	39889	39889	39889	39889	39889	39889	
31103	33370	37958	37958	37958	38338	38338	39155	39155	39155	39155	39155	39155	39155	39155	39155	39155	39155	39155	39155	39155	39155	39155	39155	39155	39155	39155	39155	39155	39155	39155	39155	39155	39155	39155	39155	39155	41464	41464	41464	41464	41464	41464	41464	41464	41464	41464	41464	41464	41464	41464	41464	41464	41464	41464	41464	41464	41464	42454	42454	42454	42454	42454	42454	42454	42454	42454	42454	42454	42454	42454	42454	42454	42454	42454	42454	42454	42454	42454	42454	42454	42454	42454	42454	42454	42454	42454	42454	42454	42454	42454	42454	42454	42454	42454	42454	42454	42454	42454	42454	42454	42454	42454	42454	42454	42454	42454	42454	42454	42454	42454	42454	42454	42454	42454	42454	43918	43918	43918	43918	43918	43918	43918	43918	43918	44630	44630	44630	44630	
33054	35992	36533	36533	36623	36623	36925	36925	36925	37285	38876	38876	39084	39084	39084	39084	39084	39084	39084	39084	39084	39084	39084	39084	39084	39547	39547	39547	39547	39547	39547	39547	39547	39547	39547	39547	39547	39547	39547	39547	39547	39547	39547	39547	39547	39547	39547	39547	39547	39547	39547	39880	39880	39880	39880	39880	39880	39880	39880	39880	39880	39880	39880	39880	39880	39880	39880	39880	39880	39880	39880	39880	45978	45978	45978	45978	45978	45978	50882	50882	50882	51198	51198	51198	51198	51198	51198	51198	51198	51198	51565	51565	51565	51565	51565	51565	51565	51565	51565	51565	51565	51565	51565	51565	51565	51565	51565	51565	51565	51565	51565	51565	51565	51565	51565	51565	51565	51565	51565	51565	51565	51565	51565	51565	51565	51565	51565	51565	51565	
31632	38596	38851	38851	38851	38851	42091	42091	42091	42091	42091	45392	45392	45392	47039	52606	52606	52606	52606	52606	52606	52606	52606	52606	52606	52606	52606	52606	52606	52606	52606	52606	52606	52606	52606	52606	52606	52606	52606	52606	52606	52606	52606	52606	52606	52606	52606	52606	52606	52606	52606	52606	52606	52606	52606	52606	52606	52606	52606	52606	52606	52606	52606	52606	52606	52606	52606	52606	52606	52606	52606	52606	52606	52606	52606	52606	52606	52606	52606	52606	52606	52606	52606	52606	52606	52606	52606	52606	52606	52606	52606	52606	52606	52606	52606	52606	52606	52606	52606	52606	52606	52606	52606	52606	52606	52606	52606	52606	52606	52606	52606	52606	52606	52606	52606	52606	52606	52606	52606	52606	52606	52606	52606	52606	52606	52606	52606	52606	52606	
26370	30538	31083	34707	34971	34971	37617	37617	37617	38679	38679	38679	38679	38679	40291	40291	40291	40291	40291	40291	40291	40291	40291	40291	40291	40291	40291	40291	40291	40291	40291	40291	40291	40291	40291	40291	40291	40291	40291	40291	40291	40291	40291	40291	40291	40291	40291	41715	41715	41715	41715	41715	41715	41715	41715	41715	41715	41715	41715	42228	42228	42228	42228	42228	42228	42228	42228	42228	42228	42228	42228	42228	44748	44748	44748	44748	44748	44748	44748	44748	44748	46596	46596	46596	52238	52238	52238	52238	52238	52238	52238	52238	58881	58881	58881	58881	58881	58881	58881	58881	58881	58881	58881	58881	58881	58881	58881	58881	58881	58881	58881	58881	58881	58881	58881	58881	58881	58881	58881	58881	58881	58881	58881	58881	58881	58881	58881	58881	58881	
29656	37658	37658	37658	37658	37658	37658	37658	37658	37658	37658	37658	37658	37658	37658	37658	37658	37658	37658	37658	37658	37658	37658	37658	43055	43055	43418	43418	43418	43418	46204	46204	52554	52554	52554	52554	52554	52554	52554	52554	52554	56065	56065	56065	56065	56065	56065	56065	56065	56065	56065	56065	56065	56065	56065	56065	56065	56065	56065	56065	56065	56065	56065	56065	56065	56065	56065	56065	56065	56065	56065	56065	56065	56065	56065	56065	56065	56065	56065	56065	56065	56065	56065	56065	56065	56065	56065	56065	56065	56065	56065	56065	56065	56065	56065	56065	56065	56065	56065	56065	56065	56065	56065	56065	56065	56065	56065	56065	56065	56065	56065	56065	56065	56065	56065	56065	56065	56065	56065	56065	56065	56065	56065	56065	56065	56065	56065	56065	56065	
33976	34573	39185	43615	44081	44081	44081	44081	44081	44081	44081	44081	44081	44081	44081	44081	44081	44081	44081	44081	44081	44081	44081	44081	44081	44081	44081	44081	44081	44081	44081	44081	44081	44081	44081	44081	44081	44081	44081	44081	44081	44081	44081	44081	44081	44081	44081	44081	44081	44081	44081	44081	44081	44081	44081	44081	44081	47297	47297	51815	51815	51815	51815	51815	51815	51815	51815	51815	51815	51815	51815	51815	51815	51815	51815	51815	51815	51815	51815	51815	51815	51815	51815	51815	51815	51815	52646	52646	56674	56674	56674	56674	56674	57584	57584	57584	57584	57584	57584	57584	57584	57584	57584	57584	57584	57584	57584	57584	57584	57584	57584	57584	57584	57584	57584	57584	57584	57584	57584	57584	57584	57584	57584	57584	57584	57584	57584	57584	57584	
17987	22378	22378	24255	28040	30811	30811	30811	30811	30811	30811	37405	37405	37405	37405	37405	37405	37405	39569	39569	39569	40096	40096	40096	40096	40096	40096	40096	40096	43442	43442	43442	50120	50120	50120	53365	53365	53365	53365	53365	53365	53365	53365	53365	53365	53365	53365	54836	54836	54836	54836	54836	54836	54836	55127	55127	55127	55127	55127	55127	55127	55127	55127	55127	55948	55948	55948	55948	55948	55948	55948	55948	55948	55948	55948	55948	55948	55948	55948	55948	55948	55948	55948	55948	55948	55948	55948	55948	55948	55948	55948	55948	55948	55948	55948	55948	55948	55948	55948	55948	55948	55948	55948	55948	55948	55948	55948	55948	55948	55948	55948	55948	55948	55948	55948	55948	55948	55948	55948	55948	55948	55948	55948	55948	55948	55948	55948	55948	55948	
37174	37174	39001	45176	45176	45176	45176	45176	46838	46838	46838	46838	46838	49505	49505	49505	49505	49505	49505	49505	49505	49505	49505	49505	49505	49505	49505	49505	49505	49505	49505	49505	49505	49505	49505	49505	54577	54577	54577	54577	54577	54577	54577	54577	54577	54577	54577	54577	54577	54577	54577	54577	54577	54577	54577	54577	54577	54577	54577	54577	54577	54577	54577	54577	54577	54577	54577	54577	54577	54577	54577	54577	54577	54577	54577	54577	54577	54577	54577	54577	54577	54577	54577	54577	54577	54577	54577	54577	54577	54577	54577	54577	54577	54577	54577	54577	54577	54577	54577	54577	54577	54577	54577	54577	54577	54577	54577	54577	54577	54577	54577	54577	54577	54577	54577	54577	54577	54577	54577	54577	54577	54577	54577	54577	54577	54577	54577	54577	54577	
29223	37803	39595	39595	41509	41509	41509	41509	41509	41509	43882	43882	43882	43882	44895	44895	44895	44895	44895	44895	45083	51551	51551	51551	51551	51551	51551	51551	51551	51551	51551	51551	51551	51551	51551	51551	51551	51551	51551	51551	51551	51551	51551	51551	51551	51551	51551	51551	51551	51551	51551	51551	51551	51551	51551	51551	51551	51551	51551	51551	51551	51551	51551	51551	51551	51551	51551	51551	51551	51551	51551	51551	51551	51551	51551	51551	51551	51551	51551	51551	51551	51551	51551	51551	51551	51551	51551	51551	51551	51551	51551	51551	51551	51551	51551	51551	51551	51551	51551	51551	51551	51551	51551	51551	55168	55168	55168	55168	55168	55168	55168	55168	57259	57259	57259	57259	57259	57259	57259	57259	57259	57259	57259	57259	57259	57259	57259	57259	57259	
30370	38283	41029	41360	41360	41393	43005	43005	43005	43005	43005	43005	43005	43005	43005	43005	43005	43005	43005	43005	43005	43005	43005	43005	43005	43005	43005	43005	43005	43005	43005	43005	43005	43005	43005	43005	43005	43005	43005	43005	43005	43005	43005	44666	44666	44666	44945	44945	44945	44945	44945	44945	44945	44945	44956	44956	45449	45449	45449	45449	45449	45449	45449	45449	45449	45449	45449	45449	45449	45449	45449	45449	45449	45449	47738	47738	47738	47738	47738	47738	49435	49435	49435	49435	49435	54421	54421	54421	57802	57802	57802	57802	57802	57802	57802	57802	57802	57802	57802	57802	57802	57802	57802	57802	57802	57802	57802	57802	57802	57802	57802	57802	57802	58199	58199	58199	58199	58199	58199	58199	58199	58199	58199	58199	58199	58199	58199	58199	58825	
31675	31675	31675	31675	31675	31675	36141	37521	38299	38299	38299	38299	38299	38299	38949	38949	38949	38949	38949	38949	38949	38949	38949	38949	38949	38949	38949	38949	38949	38949	38949	38949	38949	38949	38949	38949	38949	38949	38949	38949	38949	38949	38949	38949	38949	38949	38949	38949	38949	41357	41357	41357	41357	41357	44685	44685	44685	44685	44685	44685	44685	52967	52967	52967	52967	52967	52967	52967	52967	52967	52967	52967	52967	52967	53138	53138	53138	53138	53138	53138	53138	53138	53138	53138	53138	53138	53138	53138	53138	53138	53138	53138	53138	53138	53138	53138	53138	53138	53138	53138	53138	53138	53457	53457	53457	53457	53457	53457	53457	54046	54046	54046	54046	54046	54046	54046	54046	54046	54046	57009	57009	57009	57009	57009	57009	57009	57009	57009	57009	
19608	19608	19608	20921	20921	21611	21611	21718	21718	21718	21718	21755	22014	26681	29492	29492	29492	29492	29492	29658	29658	29658	33204	33204	39844	45075	45075	45075	45075	46674	46674	49014	51948	51948	51948	51948	51948	51948	51948	51948	51948	51948	51948	51948	51948	51948	51948	51948	51948	51948	51948	51948	51948	51948	51948	51948	51948	51948	51948	51948	51948	51948	51948	51948	51948	51948	51948	51948	51948	51948	51948	51948	51948	51948	52931	52931	52931	52931	52931	52931	52931	52931	52931	52931	52931	52931	52931	52931	52931	52931	52931	52931	52931	52931	52931	52931	52931	52931	52931	52931	52931	52931	52931	53544	53544	53544	53544	53544	53544	53544	53544	53544	53544	53544	53544	53544	53544	53544	53544	53544	53544	53544	53544	53544	53544	53544	53544	53544	53544	
22073	22411	22670	30300	30343	30343	35343	35343	38985	38985	38985	40845	40845	40845	40845	40845	40845	40845	40845	40845	40845	40845	40845	40845	40845	40845	40845	40845	40845	40845	40845	40845	40845	40845	40845	40845	40845	40845	40845	45469	45469	45469	45469	45469	45469	45469	45469	45469	45469	45469	45469	45469	45784	45784	45784	45784	45784	45784	45784	45788	45788	45788	45788	45788	45788	45788	45788	45788	45788	45788	45788	45788	45788	45788	45788	45788	45788	45788	45788	45788	45788	45788	45788	45788	45788	45788	45788	45788	45788	45805	45805	45805	45805	45805	45805	45805	45805	45805	45805	45805	45805	45805	45805	45805	45805	45805	45805	45805	45805	50496	50496	50496	50496	50496	50496	50496	50496	50496	50496	50496	50496	50496	51245	51245	51245	51245	51245	51245	51245	
30395	31445	35462	35462	36241	36241	36241	36241	36241	36241	36241	36241	36308	36308	36308	36454	36472	38210	38210	38210	38210	38210	38877	38877	44013	44013	44013	44013	44013	44013	44013	44013	44013	50503	50503	50503	50503	50503	50503	50503	50503	50503	50503	50503	50503	50503	50503	50503	50503	53769	53769	53769	53769	53769	53769	53769	53769	53769	53769	53769	53769	53769	53769	53769	53769	53769	53769	53769	53769	53769	53769	53769	53769	53769	53769	53769	53769	53769	53769	53769	53769	53769	53769	53769	53769	54294	54294	54294	54294	54294	54294	54294	54294	54294	54294	54294	54294	54294	54294	54294	54294	54294	54294	54294	54294	54294	54294	54294	54294	54294	54294	54294	54294	54294	54294	54294	54294	54294	54294	54294	54294	54294	54294	54294	54294	54294	54294	54294	54294	
30099	30099	32280	32280	34156	34156	34156	34156	34156	34567	37798	37798	37798	38581	38581	38581	39098	39098	39797	40048	40048	40048	40048	40048	40048	40048	40048	40048	40048	40048	40048	40048	40048	40048	40048	40048	40048	40048	40048	40048	40048	40048	40048	40048	40048	40048	40048	40048	40048	40048	40048	40048	40048	40048	40048	40048	40048	40048	40048	40048	40048	40048	40048	40048	40048	40048	40048	48500	51093	51093	51093	51093	51093	51093	51093	51093	51093	51093	51093	51093	51093	51093	51093	51093	51093	51093	51093	51093	51093	51093	52795	52795	52795	52795	52795	52795	52856	52856	52856	52856	52856	52856	52856	52856	52856	52856	52856	52856	52856	52856	52856	52856	52856	52856	52856	52856	57903	57903	59820	59820	59820	59820	59820	59820	59820	59820	59820	59820	59820	
36976	38771	38771	38771	38771	38771	38771	38771	38771	38771	38771	38771	38771	38771	38771	38771	38771	38771	38771	39623	39623	39623	39623	39623	39623	39623	39623	39623	39623	39623	39623	39623	39623	39623	39623	39623	39623	39623	39623	39623	39623	39623	39623	39623	39623	39623	39623	39623	39623	39623	39623	39623	39623	39623	39623	43714	43714	43714	43714	43714	43714	43714	43714	43714	43714	43714	43714	43714	43714	43714	43714	43714	43714	43714	43714	43714	43714	45515	45515	45515	45515	45515	45515	45515	47699	47699	47699	47699	48131	48131	48131	48131	48131	48131	48131	48131	48131	48131	48131	48131	48131	49203	49388	49388	49388	49717	52894	52894	52894	52894	52894	52894	52894	52894	52894	52894	52894	52894	52894	52894	52894	52894	52894	52894	52894	52894	52894	52894	52894	
21523	22086	29102	35326	35326	35326	35326	35326	35326	35326	35326	35326	35326	35326	35326	35326	35326	35326	35326	39428	39428	39428	39428	39428	39428	39428	39428	39428	39428	39428	39428	39428	39428	39428	39428	39428	39428	39428	39428	39428	39428	41363	41363	41363	41363	42968	42968	43169	53364	53932	53932	53932	53932	53932	53932	53932	53932	53932	53932	53932	53932	53932	53932	53932	53932	53932	53932	53932	53932	53932	53932	53932	53932	53932	53932	53932	53932	53932	53932	53932	53932	53932	53932	53932	55240	55240	55240	55240	55240	55240	58500	58500	58500	58500	58500	58500	58500	58500	58500	58500	58500	58500	59933	59933	59933	59933	59933	59933	59933	59933	59933	59933	59933	59933	59933	59933	59933	59933	59933	59933	59933	59933	59933	59933	59933	59933	59933	59933	59933	
27151	28924	30033	32236	32236	32236	32236	34874	34874	34874	34874	34874	34874	34874	35443	35743	35961	36479	36479	36479	36479	36479	36479	36479	36479	36479	36479	36479	36479	36479	36990	37299	37852	37852	37852	37852	37852	37852	37852	37852	37852	37852	37852	37852	37852	37852	37852	37852	37852	37852	37852	37852	37852	37852	37852	37852	37852	37852	37852	37852	37852	37852	37852	37852	37852	37852	37852	37852	37852	38147	38147	41316	41316	41316	41316	41316	41316	41316	41316	41316	41316	41316	41316	41316	41316	41316	41316	41316	41316	41316	41316	41316	41316	41316	41316	41316	41316	41316	41316	41316	41316	41316	41316	41316	41316	41316	41316	41316	41316	41316	41316	41316	41316	41316	41316	41316	41316	41316	41316	41316	41316	41316	41316	41316	41316	41316	41316	41316	41316	
23480	23829	23829	33489	33489	34806	34806	34806	34806	34806	34806	34806	34806	34806	34806	34806	34806	34806	34806	34806	34806	35839	35839	38699	38699	38699	38699	38699	38699	38699	38699	38699	38699	38699	38699	38699	38699	38699	38699	38699	41014	41014	41014	41014	41014	41014	41014	41014	41014	41014	41014	41014	41014	41014	41014	41014	41014	41014	41014	41014	41014	41014	41014	41014	41014	41014	41014	41014	41014	41014	41014	41014	41014	41014	41014	41014	41014	41014	41014	41014	41014	41014	41014	41014	41014	41014	41014	41014	41014	41014	41014	41014	41014	41014	41014	41014	41014	41014	41014	41014	41014	41014	41014	41014	41014	41014	41014	41014	41014	41014	41014	41014	41014	41014	41014	41014	41014	41014	41014	41014	41014	41014	41014	41014	41014	41014	41014	41014	41014	
19436	26178	26313	26630	26946	33901	33901	33901	33901	33901	33901	36014	36014	36044	36044	36044	36044	36044	36289	36541	36541	41755	45438	47597	47597	47597	47597	47597	47597	47597	47597	47597	47597	47597	47597	47597	47597	47597	47597	47597	47597	47597	47597	47597	47597	47597	47597	47597	47597	48415	48415	53598	53598	53598	53598	53598	53598	53598	53598	53598	53598	53598	53598	53598	53598	53598	53598	53598	53598	53598	53598	53598	53598	53598	53598	53598	53598	53598	53598	53598	53598	53598	53598	53598	53598	53598	53598	53832	53832	53832	53832	53832	53832	53832	53832	53832	53832	53832	53832	53832	53832	53832	53832	53832	53832	53832	53832	53832	53832	53832	53832	53832	53832	53832	53832	53832	53832	53832	53832	53832	53832	53832	53832	53832	53832	53832	53832	53832	53832	
26019	28825	34658	36474	38843	38843	38843	38843	38843	38843	38843	38843	38843	39316	39316	39316	39316	39316	39615	39615	39615	39615	39615	39615	39615	39615	39615	39615	39615	39615	39615	39615	39615	39615	39615	39615	39615	39615	40849	40877	40877	40877	41147	41866	41866	41866	41866	41866	41866	41866	44745	44745	51989	51989	51989	51989	55249	55249	55249	55249	55249	55249	55249	55249	55249	55249	55249	55249	55249	55249	55249	55249	55249	55249	55249	55249	55249	55249	55249	55249	55249	55249	55249	55249	55249	55249	55249	55249	55249	55249	55249	55249	55249	55249	55249	55249	55249	55249	55249	55249	55249	55249	55249	55249	55249	55249	55249	55249	55249	55249	55249	55249	55249	55249	55249	55249	55249	55249	55249	55249	55249	55249	55249	55249	55249	55249	55249	55249	55249	
32580	33204	33204	34839	34839	39256	39256	39256	39583	39583	39583	39583	39583	41485	41485	41485	41485	41485	41485	41485	41485	41485	41485	41485	41485	41485	41485	41485	41485	41485	41485	41485	41485	41485	41485	41485	41485	41485	41485	41485	41485	41485	41485	41485	41485	41485	41485	41485	41485	41485	41485	41485	41485	41485	41485	41485	41485	41666	43332	43332	43332	43332	43332	44749	49707	49707	49707	49707	49707	49707	49707	49707	49707	49707	49707	54643	54643	54643	54643	54643	54643	54643	54643	54643	54643	54643	54643	54643	54643	54643	54643	54643	54643	54643	54643	54643	54643	54643	54643	54643	54643	54643	54643	54643	54643	54643	54643	54643	54643	54643	54643	56114	56114	56114	56114	56114	56114	56114	56114	56114	56114	56114	56114	56114	56114	56114	56114	56114	56114	
29944	32370	32370	32370	32370	32370	32370	32370	32370	32370	32370	32370	32370	38822	38822	38822	38822	38822	38822	38822	38822	38822	38822	38822	38822	38822	38822	38822	38822	38822	38822	38822	38822	38822	38822	38822	38822	38822	38822	38822	38822	38822	38822	38822	38822	38822	38822	38822	38822	38822	38822	38822	38822	38822	38822	38822	38822	38822	38822	38822	38822	38822	38822	38822	38822	38822	38822	38822	38822	38822	38822	38822	38822	38822	38822	39367	39367	39367	39367	39367	39367	39367	39367	39367	39367	39367	39367	39367	39367	39367	39367	39367	39367	39367	39367	39367	39367	39367	39367	39367	39367	39367	39367	39367	39367	39367	39367	39367	39367	39367	39367	39367	39367	39367	39367	39367	39367	39367	39367	39367	39367	39367	39367	39367	39367	39367	39367	39367	39367	
31769	37452	37452	37474	37474	39915	39915	39915	39915	39915	40610	40610	40610	40610	40610	40610	40610	40610	40610	40610	40610	40610	40610	40610	40610	40610	40610	40610	40610	40610	40610	40610	40610	40610	40610	40610	40610	40610	40610	40610	40610	40610	40610	40610	40610	40610	40610	40610	40610	40610	40610	40610	40610	40610	40610	40610	40610	40610	40610	40610	40610	40610	40610	40610	40610	40610	40610	40610	40610	40610	40610	40610	40610	40610	40610	40610	40610	40610	40610	40610	40610	40610	47869	47869	47869	47869	47869	47869	47869	47869	47869	47869	50132	50132	50132	50132	50132	50132	50132	50132	50132	50132	50132	56428	56428	56428	56428	56428	56428	56428	56428	56428	56428	56428	56428	56428	56428	56428	56428	56428	56428	56428	56428	56428	56428	56428	56428	56428	56428	
24537	27761	35007	35007	35007	35007	43119	43119	43119	43119	43119	43119	43119	43119	43119	43119	43119	43119	43119	43119	43119	43119	43119	43119	43119	43119	43119	43119	43119	43119	43119	43119	43119	43119	43119	43119	43119	43119	43119	43119	43785	43785	43785	43785	43785	43785	43785	43785	44468	44468	47055	47055	47055	47055	47055	47055	47055	47055	47055	47055	47055	47055	47055	47055	47055	47055	47055	47055	47055	47055	47055	49347	49347	49347	51273	51273	51273	51273	51273	51273	51273	51273	51273	51273	51273	51273	51273	51273	51273	51273	52094	52094	52227	52227	52227	52227	52227	52227	52227	52227	52227	52227	52227	52227	52227	52227	52227	57919	57919	57919	57919	57919	57919	57919	57919	57919	57919	57919	57919	57919	57919	57919	57919	57919	57919	57919	57919	57919	57919	
27080	27080	27080	27080	27080	27080	29350	29469	29469	29469	32132	32132	32132	34392	34488	37237	37237	37237	37237	37237	37237	37237	37453	37453	37453	37453	37453	37453	37453	37453	37453	45219	45219	45261	45261	45261	45261	45261	45261	45261	45261	45261	45261	45261	45261	45261	45261	45261	45261	45261	45261	53643	53643	53643	53643	53643	53643	53643	53643	53643	53643	53643	53643	53643	53643	53643	53643	53643	53643	53643	53643	53643	53643	53643	53643	53643	53643	53643	53643	53643	53643	53643	53643	53643	53643	53643	53643	53643	53643	53643	53643	53643	53643	53643	53643	53643	53643	53643	53643	53643	53643	53643	53643	53643	53643	53643	53643	53643	53643	53643	53643	53643	53643	53643	53643	53643	53643	53643	53643	53643	53643	53643	53643	53643	53643	53643	53643	53643	53643	
25352	25352	25352	25352	25352	28492	29949	29949	29949	29967	29967	29967	29967	31507	33920	33920	34103	34151	34151	34151	34151	34151	35216	35216	35865	35865	35865	36556	36556	36556	36556	36556	38920	39231	39231	39231	39231	39231	42562	42562	42562	47702	47702	47702	47702	47702	47702	47702	51167	52909	52909	52909	52909	52909	52909	52909	52909	52909	52909	52909	52909	52909	52909	52927	52927	52927	52927	52927	52927	52927	52927	52927	55428	55428	55428	55428	55428	55428	55428	55428	55428	55428	55428	55428	55428	55428	55428	55428	55428	55428	55428	55428	55428	55428	55428	55428	55428	55428	55428	55428	55428	55428	55428	55428	55428	55428	55428	55428	55428	55428	55428	55428	55428	55428	55428	55428	55428	55428	55428	55428	55428	55428	55428	55428	55428	55428	55428	55428	55428	
22275	22284	22497	22539	22539	22539	22539	22539	22539	22539	22539	22539	22539	22714	22714	22714	22835	22835	22835	22835	22835	22835	25847	26108	26108	30768	30768	30993	35455	35455	35455	38341	38341	38341	38341	38341	38341	38341	38341	38341	38341	38341	38341	38341	38341	38341	38730	46874	46874	46874	50549	50549	50549	50549	50549	50549	50549	50549	51030	51030	51030	51030	51030	56091	56091	56091	56091	56091	56091	56091	56091	56091	56091	56998	56998	56998	56998	56998	56998	56998	56998	56998	56998	56998	56998	56998	56998	56998	56998	56998	56998	56998	56998	56998	56998	56998	56998	56998	56998	56998	56998	56998	56998	56998	56998	56998	56998	56998	56998	56998	56998	56998	56998	56998	56998	56998	56998	56998	56998	56998	56998	56998	56998	56998	56998	56998	56998	56998	56998	
35104	35104	35104	35104	39106	39106	39106	39106	39369	43562	43866	43866	43866	43866	43866	43866	43866	50790	50790	50790	50790	50790	50901	50901	50901	50901	53601	55919	55919	55919	55919	55919	55919	55919	55919	55919	55919	55919	55919	55919	55919	55919	55919	55919	55919	55919	55919	55919	55919	55919	55919	55919	55919	55919	55919	55919	55919	55919	55919	55919	55919	55919	55919	55919	55919	55919	55919	55919	55919	55919	55919	55919	55919	55919	55919	55919	55919	55919	55919	55919	55919	55919	55919	55919	55919	55919	55919	55919	55919	55919	55919	55919	55919	55919	55919	55919	55919	55919	55919	55919	55919	55919	55919	55919	55919	55919	55919	55919	55919	55919	55919	55919	55919	55919	55919	55919	55919	55919	55919	55919	55919	55919	55919	55919	55919	55919	55919	55919	55919	
34776	34776	34776	34776	34776	34776	35447	35447	35447	35447	35447	35447	35447	35447	35447	35447	35447	35447	36261	39444	39444	39444	39732	39732	39732	39732	39732	39732	39732	39732	39732	39732	39732	39732	39732	39732	39732	39732	39732	39732	39732	39732	39732	39732	39732	39732	39732	39732	39732	39732	39732	39732	39732	39732	39732	39732	39732	39732	39732	39732	39770	39770	39770	40391	40391	40391	40391	40391	40391	40391	40391	40391	40391	40391	40391	40391	40391	40391	40391	40391	40391	40391	40391	40391	40391	40391	40391	40391	40391	40391	40391	40391	40391	40391	40391	40391	40391	40391	40391	40391	40391	40852	40852	40852	40852	40852	40852	40852	40852	40852	40852	40852	40852	40852	40852	40852	40852	40852	40852	40852	40852	40852	40852	40852	40852	40852	40852	40852	40852	
31239	31239	38879	38927	38927	38927	48062	48062	48062	48062	48062	48062	48062	48062	48379	48379	48379	48379	48379	48379	48379	48379	48379	48379	48379	48379	48379	48379	48379	48379	51814	51814	51814	51814	51814	51814	51814	51814	51814	51814	51814	51814	51814	51814	51814	51814	51814	51814	51814	51814	51814	51814	51814	51814	51814	51814	51814	51814	51814	51814	51814	51814	51814	51814	51814	51814	51814	51814	51814	54600	54600	54600	54600	54600	54600	54600	54600	54600	54600	54600	54600	54600	54600	54600	54600	54600	54600	54600	54600	54600	54600	54600	56870	56870	56870	56870	56870	56870	56870	56870	56870	56870	56870	57152	57152	57152	57152	57152	57152	57152	57152	57152	57152	57152	57152	57152	57152	57152	57152	57152	57152	57152	57152	57152	57152	57152	57152	57152	57152	
32716	32716	32716	32716	32716	32716	32716	32716	32716	33597	33597	33597	34334	34334	34334	34334	34334	34334	34334	34334	35526	35526	35526	39778	39778	39778	39778	39778	39778	39778	39778	39778	39778	39778	39778	39778	39778	39778	39778	39778	39778	39778	39778	40613	40613	42102	44011	44011	44011	44011	44011	44011	44011	44011	47615	47615	47615	47615	47615	47615	47615	48566	48566	48566	48566	48566	51530	51530	51530	53243	53243	53243	53243	54719	54719	54719	54719	54719	54719	54719	54719	54719	54719	54719	54719	54719	55848	55848	55848	55848	55848	55848	55848	55848	55848	55848	55848	55848	55848	55848	55848	55848	55848	55848	55848	55848	55848	55848	55848	55848	58445	58445	58445	58445	58445	58445	58445	58445	58445	58445	58445	58445	58445	58445	58445	58445	58445	58445	58445	
29902	32264	32264	32264	33285	33285	33285	33285	33285	33285	33285	33285	33285	33285	33285	33285	33285	33294	33294	33294	33294	33294	33294	33294	35776	35776	35776	35776	35776	35776	35776	35776	35776	35776	35776	35776	35776	35776	35776	35776	35776	35776	35776	35776	35776	35776	35776	36746	36746	36746	36746	36746	36746	36746	36746	36746	36746	36794	36794	36794	37323	37323	37712	37712	37712	37712	37712	38689	38689	38689	38689	38689	38689	38689	38689	38689	38706	38706	38706	38706	40571	40571	40571	40571	40571	40571	40571	40571	40571	40571	40571	40571	40571	40571	40571	40571	40571	40571	40571	40571	40571	40571	42746	42746	42746	42746	42746	42746	42746	42746	42746	42746	42746	42746	42746	42746	42746	42746	42746	42746	42746	42746	42746	42746	42746	42746	50889	50889	50889	
31837	31837	31837	38427	38427	38427	38427	38427	38427	38427	45686	45686	45686	45686	45686	45686	45686	45686	45686	45686	45686	45686	45686	45686	45686	45686	45686	45686	45686	45686	45686	45686	45686	45686	45686	45686	45686	45686	45686	45686	45686	45686	45686	45686	45686	45686	45686	45686	45686	45686	46404	46404	46404	46404	46404	46404	48708	48708	48708	48708	48708	48708	48708	48708	48708	48708	48708	48708	48708	48708	48708	48708	48708	48708	52116	52116	52116	52116	52116	52116	52116	52116	52116	52116	52116	52116	52116	52116	52116	52116	52116	52116	52116	52116	55704	55704	55704	55704	55704	55704	55704	55704	55704	55704	55704	55704	55704	55704	55704	55704	55704	55704	55704	55704	55704	55704	55704	55704	56870	56870	56870	56870	56870	56870	56870	56870	56870	56870	56870	
32283	32283	32283	32283	32283	32283	42515	47507	47507	50541	50541	50541	50541	50541	50541	50541	50541	50541	55276	55276	55276	55276	55276	55276	55276	55276	55276	55276	55276	55276	55276	55276	55276	55276	55276	55276	55276	55276	55276	55276	55276	55276	55276	55276	55276	55276	55276	55276	55276	55276	55276	55276	55276	55276	55276	55276	55276	55276	55276	55276	55276	55276	55276	55276	55276	55276	55276	55276	55276	55276	55276	55276	55276	55276	55276	55276	55276	55276	55276	55276	55276	56526	56526	56526	56526	56526	56526	56526	56526	56526	56526	56526	56526	56526	56526	56526	56526	56526	56526	56526	56526	56526	56526	56526	56526	56526	56526	56526	56526	56526	56526	56526	56526	56526	56526	56526	56526	56526	56526	56526	56526	56526	56526	56526	56526	56526	58337	58337	58337	
29074	32342	41773	41773	41773	41773	44337	44337	51966	51966	51966	51966	51966	51966	51966	57134	57134	57134	57134	57134	57134	57134	57134	57134	57134	57134	57134	57134	57134	57134	57134	57134	57134	57134	57134	57134	57134	57134	57134	57134	57134	57134	57134	57134	57134	57134	57134	57134	57134	57134	57465	57465	57465	57465	57465	57465	57465	57465	57465	57465	57465	57465	57465	57465	57465	57465	57465	57465	57465	57465	57465	57465	57465	57465	57465	57465	57465	57465	57465	57465	57465	57465	57465	57465	57465	57465	57465	57465	57465	57465	57465	57465	57465	57465	57465	57465	57465	57465	57465	57465	57465	57465	57465	57465	57465	57465	57465	57465	57465	57465	57465	57465	57465	57465	57465	57465	57465	57465	57465	57465	57465	57465	57465	57465	57465	57465	57465	57465	57465	
28576	32558	36319	36319	36319	36319	36319	37802	37802	37802	37802	37802	37802	37802	37802	37802	38466	38466	38466	38466	38466	38466	38466	38466	38466	38466	38466	38466	38466	38466	38466	38466	38466	38755	38755	38755	38755	38755	38755	38755	38755	38755	38755	38755	42035	42035	42035	42035	42035	42035	42035	42035	42035	42035	42035	42035	42035	42035	42035	42035	42035	42035	42035	42035	42035	42035	42035	42035	42035	42035	42035	42035	42035	42035	42035	42035	42035	42035	42035	42035	42035	42035	42035	42035	42035	42035	42035	42035	42035	42035	42035	42035	42035	42035	42035	42035	42035	42035	42035	42035	42035	42035	42035	42035	42035	42035	42035	42035	42035	42035	42035	42035	42035	42035	42035	42035	42035	42035	42035	42035	42035	42035	42035	42035	42035	42035	42035	42035	42035	
27947	35357	35357	35357	35357	36287	36287	36287	36287	36287	36287	36287	36287	36287	36287	36287	36287	36287	36287	36287	36287	36287	36287	36287	36287	36287	36287	36287	40367	40367	40367	40367	40367	40367	48900	48900	48900	48900	48900	48900	48900	48900	48900	48900	48900	48900	48900	48900	48900	48900	48900	48900	48900	48900	48900	48900	48900	48900	48900	48900	48900	48900	48900	48900	48900	48900	48900	48900	48900	48900	48900	54284	54284	54284	54284	54284	54284	54284	59699	59699	59699	59699	59699	59699	59699	59699	59699	59699	59699	59699	59699	59699	59699	59699	59699	59699	59699	59699	59699	59699	59699	59699	59699	59699	59699	59699	59699	59699	59699	59699	59699	59699	59699	59699	59699	59699	59699	59699	59699	59699	59699	59699	59699	59699	59699	59699	59699	59699	59699	
29106	29106	32910	35510	35510	35510	35510	35510	35510	35510	35510	35510	35510	35510	35510	35510	36105	36105	36105	36217	36217	40366	40366	40366	40366	40366	40366	40366	40366	40366	40366	40366	40366	40366	40366	40366	40366	40366	40366	40366	40366	40366	40366	40366	40366	40366	40366	40366	40366	40366	40366	40366	40366	40366	40366	40366	40366	40366	40366	40366	40366	40366	40366	40366	40833	42621	42621	44566	44566	44566	44566	44566	44566	44566	44566	44566	44566	45662	45662	45662	45662	45662	45662	45662	45662	45662	45662	45662	47421	47421	47421	47421	47421	47421	47421	47421	47421	47421	47421	47421	47421	47421	47421	47421	47421	47421	47421	47421	47421	47421	47421	47421	47421	47421	47421	47421	47421	47421	47421	47421	47421	47421	47421	47421	47421	47421	47421	47421	47421	
30371	35621	35621	37744	39542	39542	39542	39542	39542	39542	39542	39542	39542	39542	39542	39542	39542	39542	39542	40745	40745	40745	40745	40745	40745	40745	40745	40745	40745	40745	40745	40745	40745	40745	40745	40745	40745	40745	40745	40745	40745	40745	40745	40745	40745	40745	40745	40745	40745	40745	40745	40745	40745	40745	40745	40745	40745	40745	40745	40745	40745	40745	40745	40745	40745	40745	40745	40745	40745	40745	40745	40745	40745	40745	40745	40745	40745	40745	40745	40745	40745	40745	40745	40745	40745	40745	40745	40745	40745	40745	40745	40745	40745	40745	40745	40745	40745	40745	40745	40745	40745	40745	40745	40745	40745	40745	40745	40745	40745	40745	40745	40745	40745	40745	40745	40745	40745	40745	40745	40745	40745	40745	40745	40745	40745	40745	40745	40745	40745	
35421	35421	35421	35421	35421	35421	35421	37687	37687	37687	37687	37687	37687	37687	37687	37687	37687	37687	37687	37687	37687	37687	37687	37687	37687	37687	37687	37687	37687	37687	37687	37687	37687	37687	37687	37687	37687	37687	46171	46171	46171	46171	46171	46171	49482	51093	51093	51093	51093	51093	51093	51093	51093	51093	51093	52071	52071	52071	52071	52071	52071	54565	54565	54565	54565	54565	54565	54565	58318	58318	59275	59275	59275	59275	59275	59275	59275	59275	59275	59275	59275	59275	59275	59275	59275	59275	59275	59275	59275	59275	59275	59275	59275	59275	59275	59275	59275	59275	59275	59275	59275	59275	59275	59275	59275	59275	59275	59275	59275	59275	59275	59275	59275	59275	59275	59275	59275	59275	59275	59275	59275	59275	59275	59275	59275	59275	59275	59275	59275	
