30410	30410	30410	34656	34656	34656	34656	34656	34656	34656	34656	34656	34656	34656	34656	34656	34656	43312	43312	43312	43312	43312	43312	43312	43312	43312	43312	43312	43312	43312	43312	43312	43312	43312	43312	43312	43312	43312	43312	43312	43312	43312	43312	43312	43312	43312	43312	43312	43312	43312	43312	43312	43312	43312	43312	43312	43312	43312	43312	43312	43312	43312	43312	43312	43312	43312	43312	43312	43312	43312	43312	43312	43312	43312	43312	43312	43312	43312	43312	43312	43312	43312	43312	43312	43312	43312	43312	43312	43312	43312	43312	43312	43312	43312	43312	43312	43312	43312	43312	43312	43312	43312	43312	43312	43312	43312	43312	43312	43312	43312	43312	43312	43312	43312	43312	43312	43312	43312	43312	43312	43312	43312	43312	43312	43312																																																																																																																																	
21779	32285	35162	35162	35992	35992	35992	35992	35992	36288	36288	36288	36288	36288	36288	36288	36288	36288	36288	36288	36288	36288	36288	36288	36288	37645	37645	37645	37645	37645	37645	37645	37645	37645	37645	37645	37844	37844	37844	37844	37844	37844	37844	39601	39601	39601	39601	39601	39601	39601	39601	39601	39601	39601	39601	39601	39601	39601	39715	39715	42232	42232	42232	42232	42232	42232	42232	42232	42232	42232	42232	42232	42232	42232	42232	42232	42232	42232	42232	42232	42232	42232	42232	42232	42232	42232	42232	42232	42232	42232	42232	42232	42232	42232	42232	42232	42232	42232	42232	42232	42232	42232	42232	42232	42232	42232	42232	42232	42232	42232	42232	42232	42232	42232	42232	42232	42232	42232	42232	42232	42232	42232	42232	42232	42232	42232	42232	42232	42232	42232	42232	42232	42232	42232																																																																																																																								
21461	25406	25406	27692	28467	28467	33087	33087	37173	37173	37173	37173	37173	37173	37173	44646	45160	45160	45160	45160	45160	45160	45160	45160	45160	45160	45160	45160	45160	45160	45160	45160	45160	45160	45160	45160	45160	45160	45160	45160	45160	45160	45160	45160	45160	45160	45160	45160	45160	45160	45160	45160	45160	45160	45160	45160	45160	45160	45160	45160	45160	45160	45160	45160	45160	45160	45160	45160	45160	45160	45160	45160	45160	45160	45160	45160	45160	45160	45160	45160	45160	45160	45160	45160	45160	45160	45160	45160	45160	45160	45160	45160	45160	45160	45160	45160	45160	45160	46669	46669	46669	46669	46669	46669	46669	46669	46669	46669	46669	46669	46669	46669	46669	46669	46669	46669	46669	46669	46669	46669	46669																																																																																																																																					
20678	25659	29442	29442	29442	29442	33965	33965	33965	33965	33965	36140	36140	36140	36140	36140	36140	39799	39799	39799	39799	39799	39799	39799	39799	39799	39799	39799	39799	39799	39799	39799	39799	39799	39799	39799	39799	39799	39799	39799	39799	39799	39799	39799	39799	39799	39799	39799	39799	39799	39799	39799	39799	39799	39799	39799	39799	39799	39799	39799	39799	39799	39799	39799	39799	39799	39799	39799	39799	39799	39799	39799	39799	39799	39799	39799	39799	39799	39799	39799	39799	39799	39799	39799	39799	39799	44661	44661	44661	44661	44661	44661	44661	44661	44661	44661	44661	44661	44661	44661	44661	44661	44661	44661	44661	44661	44661	44661	44661	44661	44661	44661	44661	44661	44661	44661	44661	44661	44661	44661	44661	44661	44661	44661	44661																																																																																																																																	
27254	31321	45377	45377	45377	45377	45377	45377	45377	45377	45377	45377	45377	45377	45377	45377	45377	45377	45377	45377	45377	45377	45377	45377	45377	45377	45377	45377	45377	45377	45377	45377	45377	45377	45377	45377	46922	46922	46922	46922	46922	46922	46922	46922	46922	46922	46922	46922	46922	46922	46922	46922	46922	46922	46922	46922	46922	46922	46922	46922	46922	46922	46922	46922	46922	46922	46922	46922	46922	46922	46922	46922	46922	46922	46922	46922	46922	46922	46922	46922	46922	46922	46922	46922	46922	46922	46922	46922	46922	46922	46922	46922	46922	46922	46922	46922	46922	46922	46922	46922	46922	46922	46922	46922	46922	46922	46922	46922	46922	46922	46922	46922	46922	46922	46922	46922	46922	46922	46922	46922	46922																																																																																																																																					
29596	29944	29944	29944	31324	31324	39169	39169	39169	39169	39169	39169	39169	39169	39169	39169	39169	39169	39169	39169	39169	39169	39169	39169	39169	39664	39664	39664	39664	39664	39664	39664	39664	39664	39664	39664	39664	39664	39664	39664	39664	39664	39664	39664	39664	39664	39664	39664	39664	39664	39664	39664	39664	39664	39664	39664	39664	39664	39664	39664	39664	39664	39664	39664	39664	39664	39664	39664	39664	39664	39664	39664	39664	41420	41420	41420	41420	41420	41420	41420	42890	42890	42890	42890	42890	42890	42890	42890	42890	42890	42890	42890	42890	42890	42890	42890	42890	42890	42890	42890	42890	42890	42890	42890	42890	42890	42890	42890	42890	42890	42890	42890	42890	42890	42890	42890	42890																																																																																																																																									
17162	30851	35224	35224	35224	35224	35267	35267	35267	35267	35267	38344	38344	38344	38344	38344	38344	38344	38344	38344	38344	38344	38344	38344	38344	38344	38344	38344	38344	38344	38344	38344	38344	38344	38344	38344	38344	38344	38344	38344	38344	38344	38344	38344	38344	38344	38344	38344	39988	39988	39988	39988	39988	39988	39988	39988	39988	39988	39988	39988	39988	39988	39988	39988	39988	39988	39988	39988	39988	39988	39988	39988	39988	39988	39988	39988	39988	39988	39988	39988	39988	39988	39988	39988	39988	39988	39988	39988	39988	39988	39988	39988	39988	39988	39988	39988	39988	39988	39988	39988	39988	39988	39988	39988	39988	39988	39988	39988	39988	39988	39988	39988	39988	39988	39988	39988	39988	39988	39988	39988	39988	39988	39988	39988	39988	39988	39988	39988																																																																																																																														
39173	39173	39173	39173	39173	39173	39173	39173	39173	39173	39173	39173	39173	39173	39173	39173	39577	39577	39577	39577	39577	39577	39577	39577	39577	39577	41794	41794	41794	41794	41794	41794	41794	41794	41794	41794	41794	41794	41794	41794	41794	41794	41794	41794	41794	41794	41794	41794	41794	41794	41794	41794	41794	41794	41794	41794	41794	41794	41794	41794	41794	41794	41794	41794	41794	41794	41794	41794	41794	41794	41794	41794	41794	41794	41794	41794	41794	41794	41794	41794	41794	41794	41794	41794	41794	41794	41794	41794	41794	41794	41794	41794	41794	42869	42869	42869	42869	42869	42869	42869	42869	42869	42869	42869	42869	42869	42869	42869	42869	42869	42869	42869																																																																																																																																														
18104	26949	37862	37862	37862	37862	37862	37862	37862	37862	37862	37862	37862	37862	37862	37862	37862	37862	37862	37862	37862	37862	37862	37862	37862	37862	37862	37862	37862	37862	37862	37862	37862	37862	37862	37862	37862	37862	37862	37862	37862	37862	37862	39320	39320	39320	39320	39320	39320	39320	39320	39320	39320	39320	39320	39320	39320	39320	39320	39320	39320	39320	39320	39320	39320	39320	39320	39320	39320	39320	39320	39320	39320	39320	39320	39320	39320	39320	39320	39320	39902	39902	39902	39902	39902	39902	39902	39902	39902	39902	39902	39902	39902	40247	40247	40247	40247	40247	40247	40247	40247	40247	40247	40247	42253	42253	42253	42253	42253	42253	42253	42253	42253	42253	42253	42253	42253	42253	42253	42253	42253	42253	42253	42253	42253																																																																																																																																	
23998	27990	33303	33303	34067	34067	34542	34542	39113	39113	39113	39113	39113	39113	39113	39113	39113	39113	39113	39113	39113	39113	39113	39113	39113	39113	39113	39113	39113	39113	39113	39113	39113	39113	39113	39113	39113	39113	39113	39113	39113	39113	39113	39113	39113	39113	39113	39113	39113	39424	41275	41275	41275	41275	41275	41275	41275	41275	41275	41275	41275	41275	41275	41275	41275	42676	42676	42676	42676	42676	42676	42676	42676	42676	42676	42676	42676	42676	42676	42676	42676	42676	48489	48489	48489	48489	48489	48489	48489	48489	48489	48489	48489	48489	48489	48489	48489	48489	48489	48489	48489	48489	48489	48489	48489	48489	48489	48489	48489	48489	48489	48489	48489	48489	48489	48489	48489	48489	48489	48489	48489	48489	48489	48489																																																																																																																																		
38500	38500	38647	38647	38647	38647	38647	38647	38647	39610	39610	39610	39610	39610	39610	39610	39610	39610	39610	39610	39610	39610	39610	39610	39610	39610	39610	39610	39610	39610	39610	39610	39610	39610	39610	39610	39610	39610	39610	39610	39610	39610	39610	39610	39610	39610	39610	39610	39610	39610	39610	39610	39610	39610	39610	39610	39610	39610	39610	39610	39610	39610	39610	39610	39610	39610	39610	39610	39610	39610	39610	39610	39610	39610	39610	39610	39610	39610	39610	39610	39610	39610	39610	39610	39610	39610	39610	39610	39610	39610	39610	39610	39610	39610	43667	43667	43667	43667	43667	43667	43667	43667	43667	43667	43667	43667	43667	43667	43667	43667	43667	43667	43667	43667	43667	43667	43667	43667	43667	43667	43667	43667	43667	43667	43667	43667	43667	43667																																																																																																																														
14708	28994	32732	32732	32732	32732	32732	32732	32732	32732	36161	36161	36906	36906	36906	36906	36906	36906	36906	36906	36906	39999	39999	39999	39999	39999	39999	39999	39999	39999	39999	39999	39999	39999	39999	39999	39999	39999	39999	39999	39999	39999	39999	39999	39999	39999	39999	39999	39999	39999	39999	39999	39999	39999	39999	39999	39999	39999	39999	39999	39999	39999	39999	39999	39999	39999	39999	39999	39999	39999	39999	39999	39999	39999	39999	39999	39999	39999	39999	39999	39999	39999	39999	39999	39999	39999	39999	39999	39999	39999	39999	39999	39999	39999	39999	39999	39999	39999	39999	39999	39999	40387	40387	40387	40387	40387	40387	40387	40387	40387	40387	44357	44357	44357	44357	44357	44357	44357	44357	44357	44357	44357	44357	44357	44357	44357																																																																																																																																
33397	33397	33397	33397	33397	33397	33397	33397	33761	33761	33761	33761	33761	36125	36125	36125	36125	36125	36125	36125	36630	36630	36630	36961	36961	36961	36961	39708	39708	39708	39708	39708	39708	39708	39708	39708	39708	39708	40304	40304	40304	43791	43791	43791	43791	43791	43791	43791	43791	43791	43791	43791	43791	43791	43791	43791	43791	43791	43791	43791	43791	43791	43791	43791	43791	43791	43791	43791	43791	43791	43791	43791	43791	43791	43791	43791	43791	43791	43791	43791	43791	43791	43791	43791	43791	43791	43791	43791	43791	43791	43791	43791	43791	43791	43791	43791	43791	43791	43791	43791	43791	43791	43791	43791	43791	43791	43791	43791	43791	43791	43791	43791	43791	43791	43791	43791	43791	45022	45022	45022	45022	45022	45022	45022	45022	45022	45022																																																																																																																															
28407	28407	28407	31377	31377	31384	31384	31384	31384	32732	36290	36290	36290	36290	36290	36290	36290	36290	36290	36290	36290	37647	37647	37647	37647	37647	37647	37647	37647	37647	37647	37647	37647	37647	37647	37647	37647	38894	38894	38894	38894	38894	38894	38894	38894	38894	38894	38894	38894	38894	38894	38894	38894	38894	38894	38894	38974	38974	38974	38974	38974	38974	39942	39942	39942	39942	39942	39942	39942	39942	39942	39942	39942	39942	39942	39942	39942	39942	39942	39942	39942	39942	39942	39942	39942	39942	39942	39942	39942	39942	39942	39942	39942	39942	39942	39942	39942	41404	41404	41404	41404	41404	41404	41404	41404	41404	41404	41404	41404	41404	41404	41404	41404	41404	41404	41404	41404	41404	41404	41404	41404	41404	41404	41404	41404	41404	41404																																																																																																																															
35148	35148	35148	36422	36422	36422	36422	36422	36422	36422	36706	36706	36706	36706	36706	36706	36706	36706	36706	36706	36706	36706	36706	36706	37369	37369	37369	37369	37369	37369	37369	37369	37369	37369	37369	37369	37369	37369	37369	38201	38201	38201	38201	38201	40344	40344	40344	40344	40344	40344	40344	40344	40344	40344	40344	40344	40344	40344	40344	40344	40344	40344	40344	40344	40344	40344	40344	40344	40344	40344	40344	40344	40344	40344	40344	40344	40344	40344	40344	40344	40886	40886	40886	40886	40886	40886	40886	40886	40886	40886	40886	40886	40886	40886	40886	40886	40886	40886	40886	40886	40886	40886	40886	40886	40886	40886	40886	40886	51920	51920	51920	51920	51920	51920	51920	51920	51920	51920	51920	51920																																																																																																																																						
23917	27139	31475	32587	35149	35149	35149	38718	38718	38718	38718	38718	38718	38718	38718	38718	38718	38718	38718	38718	38718	38718	38718	38718	38718	38718	38718	38718	38718	38718	38718	38718	38718	38718	38718	38718	38718	38718	38718	38718	38718	38718	38718	38718	38718	38718	38718	38718	38718	38718	38718	38718	38718	38718	38718	38718	38718	38718	38718	38718	38718	38718	38718	38718	38718	38718	38718	38718	38718	38718	38718	38718	38718	38718	38718	38718	38718	38718	38718	38718	38718	38718	38718	38718	38718	38718	38718	38718	38718	38718	38718	38718	38718	38718	38718	38718	38718	38718	38830	43910	44158	44158	44158	44158	44158	44158	44158	44158	44158	44158	44158	44158	44158	44158	44158	44158	44158	44158	44158	44158	44158	44158	44158	44158	44158	44158	44158																																																																																																																															
32273	32273	32273	32273	32273	32273	36546	36546	36546	36546	36546	36546	36546	36546	36546	36546	36546	36546	36546	36546	36546	36546	36546	36546	36546	38808	38808	38808	39287	39287	39287	39287	39287	39287	39287	39287	39287	39287	39287	39287	39287	39287	39287	39287	39287	39287	39287	39287	39287	39287	39287	39287	39287	39287	39287	39287	39287	39287	39287	39287	39287	39287	39287	39287	39287	39287	39287	39287	39287	39287	39287	39287	45520	45520	45520	45520	45520	45520	45520	45520	45520	45520	45520	45520	45520	45520	45520	45520	45520	45520	45520	45520	45520	45520	45520	45520	45520	45520	45520	45520	45520	45520	45520	45520	45520	45520	45520	45520	45520	45520	45520	45520	45520	45520	45520	45520	45520	45520	45520	45520	45520	45520	45520	45520	45520	45520	45520	45520																																																																																																																														
40549	40549	40549	40549	40549	40549	40549	40549	40549	40549	40549	40549	40549	40549	40549	40549	40549	40549	40549	40549	40549	40549	40549	40549	40549	40549	40549	40549	40549	40549	40549	40549	40549	40549	40549	40549	40549	40549	40549	40549	40549	40549	40549	40549	40549	40549	40549	40549	40549	40549	40549	40549	40549	40549	40549	40549	40549	40549	40549	40549	40549	40549	40549	40549	40549	40549	40549	40549	40549	40549	40549	40549	40549	40549	40549	40549	40549	40549	40549	40549	40549	40549	40549	40549	40549	40549	40549	40549	40549	40549	40549	40549	40549	40549	40549	40549	40549	40549	40549	40549	40549	40549	40549	40549	40549	40549	40549	40549	40549	40549	40549	40549	40549	40549	40549	40549	40549	40549	40549	40549	40549	40549	40549	40549																																																																																																																																		
25599	27409	35516	35516	35516	37492	37492	38601	42421	42421	42421	42421	42421	45137	45137	45137	45137	45137	45137	45137	45137	45137	45137	45137	45137	45137	45137	45137	45137	45137	45137	45137	45137	45137	45137	45137	45137	45137	45137	45137	45137	45137	45137	45137	45137	45137	45137	45137	45137	45137	45137	45137	45137	45137	45137	45137	45137	45137	45137	45137	45137	45137	45137	45137	45137	45137	45137	45137	45137	45137	45137	45137	45137	45137	45137	45137	45137	45137	45137	45137	45137	45137	45137	45137	45137	45137	45137	45137	45137	45137	45137	45137	45137	45137	45137	45137	45137	45137	45137	45137	45137	45137	45137	45137	45137	45137	45137	45137	45137	45137	45137	45137	45137	45137	45137	45137	45137	45137	45137	46748	46748	46748	46748	46748																																																																																																																																		
29108	29108	29108	29108	29108	29108	31000	32168	32168	32168	32168	37648	37648	37648	37648	37648	37648	37648	39479	39479	39479	39479	39479	39519	39519	39519	39519	39519	39519	39519	39519	39519	39519	39519	39519	39519	39519	39519	39519	39519	39519	39519	39519	39519	39519	39519	39519	39519	39519	39519	39519	39519	39519	39519	39519	39519	39519	39519	39519	39519	39519	39519	39519	39519	39519	39519	39519	39519	39519	39519	39519	39519	39519	39519	40016	40016	40016	40016	40016	40016	40016	40016	40016	40798	40798	40798	40798	40798	40798	40798	40798	40798	40798	40798	40798	40798	40798	40798	40798	40798	40798	40798	40798	40798	40798	40798	40798	40798	40798	40798	40798	40798	40798	40798	40798																																																																																																																																											
31102	31102	31102	31102	32405	32405	32405	33732	33732	33732	33732	34135	34135	34975	34975	34975	34975	34975	34975	36283	36283	36283	36283	36283	36283	36283	36283	36283	36283	36283	36285	36285	36285	36285	36285	36285	36285	36285	36285	36285	36285	36285	36285	36285	36285	36285	36285	36285	36285	36285	36285	36285	36285	36285	38025	38025	38025	38025	38025	38627	38627	38627	38627	38627	38627	38627	38627	38627	38627	38627	38627	38627	38627	38627	38627	38627	38627	38627	38627	38627	38627	38627	38627	38627	38627	38627	38627	38627	38627	38627	38627	38627	38627	38627	38627	38627	38627	38627	38627	38627	38627	38627	38627	38627	38627	38627	38627	38627	38627	38627	38627	38627	38627	38627	38627	38627	38627	38627	38627	38627																																																																																																																																						
30616	32383	32383	33304	38498	38498	38498	38498	38498	38498	38498	38498	38498	38498	38498	38498	38498	38498	38498	38498	38498	38498	38498	38498	38498	38498	38498	38498	38498	38498	38498	38938	38938	38938	38938	38938	38938	40640	40640	40640	40640	40640	41317	41317	41317	41317	41317	41317	41317	41317	41317	41317	41317	41317	41317	41317	41317	41317	41317	41317	41317	41317	41317	41317	41317	41317	41317	41317	41317	41317	41317	41317	41317	41317	41317	41317	41317	41317	44107	44107	44107	44107	44107	44107	44107	44107	44107	44107	44107	44107	44107	44107	44107	44107	44107	44107	44107	44107	44107	44107	44107	44107	44107	44107	44107	44107	44107	44107	44107	44107	44107	44107	44107	44107	44107	44107	44107	44107	44107																																																																																																																																							
35092	35092	35092	35092	35092	35092	35092	35092	35092	35092	35729	35729	35729	35729	35729	35729	39204	39204	39204	39204	39204	39204	39204	39204	39204	39204	39204	39204	39204	39204	39204	39204	39204	39204	39204	39204	39204	39204	39204	39204	39366	39366	39366	39366	39366	39366	39366	39366	39366	39366	39366	39366	39366	39366	39366	39366	39366	39366	39366	39366	39366	39366	39366	39366	39366	39366	39366	39366	39366	39366	39366	39366	39366	39366	39366	39366	39366	39366	39366	39366	39366	39366	39366	39366	39366	39366	39366	39366	39366	39366	39518	39518	39518	39518	39518	39518	39518	39518	39518	39518	39518	39518	39518	39518	39518	39518	39518	39518	39518	39518	39518	39518	39518	39518																																																																																																																																												
35543	35543	35543	35703	35703	35703	35703	35703	38891	38891	38891	38891	38891	38891	38891	38891	38891	38891	38891	38891	38891	38891	38891	39639	39639	39639	39639	39639	39639	39639	39639	39639	39639	39639	39639	39639	39639	39639	39639	39639	39639	39639	39639	39639	39639	39639	39639	39639	39639	39639	39639	39639	39639	39639	39639	46467	46467	46467	46467	46467	46467	46467	46467	46467	46467	46467	46467	46467	46467	46467	46467	46467	46467	46467	46467	46467	46467	46467	46467	46467	46467	46467	46467	46467	46467	46467	46467	46467	46467	46467	46467	46467	46467	46467	46467	46467	46467	46467	46467	46467	46467	46467	46467	46467	46467	46467	46467	46467	46467	46467	46467	46467	46467	46467	46467	46467	46467	46467	46467	46467	46467	46467																																																																																																																																				
29262	29262	32882	32882	36254	36254	36254	36388	36388	36388	36388	36388	36388	36388	36388	36388	36388	36388	36388	36388	36388	36388	36388	36388	36388	36388	36388	36388	36388	36388	36388	36388	36794	36794	36794	36794	36794	36794	36794	36794	36794	36923	36923	37430	37430	37430	37430	37430	37430	37430	37430	37430	37430	37430	37430	37430	37430	37430	37430	37430	37430	37430	37430	37430	37430	39757	39757	39757	39757	39757	39757	39757	39757	39757	39757	39757	39757	39757	39757	39757	39757	39757	39757	39757	39757	39757	39757	39757	39757	39757	39757	39757	39757	39757	39757	39757	39757	39757	39757	39757	39757	39757	39757	39757	39757	39757	39757	39757	39757	39757	39757	39757	39757	39757	41370	41370	41370																																																																																																																																									
32220	32220	35499	37324	37324	37324	37324	37324	37324	37338	37338	37338	37338	37338	37338	37338	37338	37338	37338	37338	37338	37338	37338	37338	37338	37338	37338	37338	37338	37338	37338	37338	37338	37338	37338	37338	39238	39238	39238	39238	39238	39238	39238	39238	39238	39238	39238	39238	39238	39238	39238	39238	39238	39238	39238	39238	39238	39238	39238	39238	39238	39238	39238	39238	39238	39238	39238	39238	39238	39238	39238	39238	39238	39238	39238	39238	39238	39238	39238	39238	39238	39238	39238	39238	39238	39238	39238	39238	39238	39238	39238	39238	39238	39238	39238	39238	39901	39901	39901	39901	39901	39901	39901	39901	39901	40020	43316	43316	43316	43316	43316	43316	43316	43316	43316	43316	43316	43316	43316	43316	43316	43316	43316	43316	43316	43316	43316																																																																																																																															
14820	35933	35933	36217	36217	36217	36217	36217	36217	36217	36217	36217	36217	36217	36217	36217	36217	36217	38818	38818	38818	38818	38818	38818	38818	38818	38818	38818	38818	38818	38818	38818	38818	38818	38818	38818	38818	38818	38818	38818	38818	38818	41171	41171	41171	41171	41171	41171	41171	41171	41483	41483	41483	41483	41483	41483	41483	41483	41483	41483	41483	41483	41483	41483	41483	41483	41483	41483	41483	41483	41483	41483	41483	41483	41483	41483	41483	41483	41483	41483	41483	41483	41483	41483	41483	41483	41483	41483	41483	41483	41483	41483	41483	41483	41483	41483	41483	41483	41483	41483	41483	41483	41483	41483	41483	41483	41483	41483	41483	41483	41483	41483	41483	41483	41483	41483	41483	41483	41483	41483	41483																																																																																																																																					
22654	33411	33411	33411	33411	33411	35041	35041	35041	35041	35041	35041	37899	37899	37899	37899	37899	37899	37899	37899	37899	37899	37899	37899	37899	37899	37899	37899	37899	37899	37899	37899	37899	37899	37899	38724	38724	38724	38724	38724	38724	38724	38724	38724	38724	38724	38724	38724	38724	38724	38724	40528	40528	40528	40528	40528	40528	40528	40528	40528	40528	40528	40528	40528	40528	40528	40528	40528	40528	40528	40528	40528	40528	40528	40528	40528	40528	40528	40528	40528	40528	40528	40528	40528	40528	40528	40528	40528	40528	40528	40528	40528	40528	40528	40528	40528	40528	40528	40528	40528	40528	40528	40528	40528	40528	40528	40528	40528	40528	40528	40528	40528	40528	40528	40528	40528	40528	40528	40528	40528	40528	40528	40528	40528																																																																																																																																		
36734	36734	36734	36734	36734	38564	38564	38564	38564	38564	38564	38564	38564	38564	38564	38564	38564	38564	38564	38564	38564	38564	38564	38564	38564	38564	38564	38564	38564	38564	38564	38564	38564	38564	38564	38564	38564	38564	38564	38564	38564	38564	38564	38564	38564	38564	38564	38564	38564	38564	38564	38564	38564	38564	39207	39207	39207	39207	39207	39207	41172	41172	41172	41172	41172	41172	41172	41172	41172	41172	41172	41172	41172	41172	41172	41172	41172	41172	41172	41172	41172	41172	41172	41172	41172	41172	41172	41172	41172	41172	41172	41172	41172	41172	41172	41172	41172	41172	41172	41172	41172	41172	41172	41172	41172	41172	41172	41172	41172	41172	41172	41172	41172	41172	41172	41172	43115	43115	43115	43115	43115	43115	43115	43115																																																																																																																																		
27676	36069	36176	36176	36176	36176	36176	36176	36598	38403	38403	38403	38403	38403	38403	38403	38403	38403	38403	38403	38403	38403	38403	38403	38403	38403	38403	38403	38403	38403	38403	38403	38403	38403	38403	38403	38403	38403	38403	38403	38403	38403	38403	38403	38403	38403	38403	38403	38403	38408	38408	38408	38408	38408	38408	38408	42456	42456	42456	42456	42456	42456	42456	42456	42456	42456	42456	42456	42456	42456	42456	42456	42456	42456	42456	42456	42456	42456	42456	42456	42456	42456	42456	42456	42456	42456	42456	42456	42456	42456	42456	42456	42456	42456	42456	42456	42456	42456	42456	42456	42456	42456	42456	42456	42456	42456	42456	42456	42456	42456	42456	42456	42456	42456	42456	42456	42456	42456	42456	42456	42456																																																																																																																																					
30369	30369	30369	30369	30369	30369	33135	33135	33135	33135	35494	35494	35494	35494	37048	37504	37504	37504	37504	37504	37504	37504	37504	37504	37504	37504	38772	38772	38772	38772	38772	38772	38772	38772	38772	38772	38772	38772	41520	41520	41520	41520	41520	41520	41520	41520	41520	41520	41520	41520	41520	41520	41520	41520	41520	41520	41520	41520	41520	41520	41520	41520	41520	41520	41520	41520	41520	41520	41520	41520	41520	41520	41520	41520	41520	41520	41520	41520	41520	41520	41520	41520	41520	41520	41520	41520	41520	41520	43682	43682	43682	43682	43682	43682	43682	43682	43682	43682	43682	43682	43682	43682	43682	43682	43682	43682	43682	43682	43682	43682	43682	43682	43682	43682	43682	43682	43682	43682	43682	43682	43682																																																																																																																																					
25636	26811	38295	38295	38295	38295	38295	38295	38295	38295	38295	38295	38295	38295	38295	38295	38295	38295	38295	38295	38295	38295	38295	38295	38295	38295	38295	39904	39904	40658	42785	42785	42785	43958	43958	43958	43958	43958	43958	43958	43958	43958	43958	43958	43958	43958	43958	43958	43958	43958	43958	43958	43958	43958	43958	43958	43958	43958	43958	43958	43958	43958	43958	43958	43958	43958	43958	43958	43958	43958	43958	43958	43958	43958	43958	43958	43958	43958	43958	43958	43958	43958	43958	43958	43958	43958	43958	43958	43958	43958	43958	43958	43958	43958	43958	43958	43958	45596	45596	45596	45596	45596	45596	45596	45596	45596	45596	45596	45596	45596	45596	45596	45596	45596	45596	45596	45596																																																																																																																																									
34213	34213	34213	34213	34213	36557	36557	36557	36557	36557	36557	37499	37499	37499	37499	37499	37499	37499	37499	37991	37991	37991	37991	37991	37991	37991	37991	37991	37991	37991	37991	37991	37991	37991	37991	37991	37991	37991	37991	37991	37991	37991	37991	37991	37991	37991	44973	44973	44973	44973	44973	44973	44973	44973	44973	44973	44973	44973	44973	44973	44973	44973	44973	44973	44973	44973	44973	44973	44973	44973	44973	44973	44973	44973	44973	44973	44973	44973	44973	44973	44973	44973	44973	44973	44973	44973	44973	44973	44973	44973	44973	44973	44973	44973	44973	44973	44973	44973	44973	44973	44973	44973	44973	44973	44973	44973	44973	44973	44973	44973	44973	44973	44973	44973	44973	44973	44973	44973	44973	44973	44973																																																																																																																																					
33313	33313	38104	38104	38104	38104	38104	38104	38104	38104	38104	38104	38104	38104	38104	38104	38104	38104	38104	38104	38104	38104	38104	38246	38246	38246	38246	38246	38246	38246	38246	38246	38246	38246	38246	38246	38246	39516	39516	39516	39516	39516	39516	39516	39516	39516	39516	39516	39516	39516	39516	39516	39516	39516	39516	39516	39516	39516	39516	39516	39516	39516	39516	39516	39516	39516	39516	39516	39516	39516	39571	39571	39571	39571	39571	39571	39571	39571	39571	39571	39571	39794	39794	39794	39794	39794	39794	39794	39794	39794	39794	39794	39794	39794	39794	39794	39794	39794	39794	39794	39794	39794	39794	39794	39794	39794	39794	39794	39794	39794	39794	39794	39794	39794	39794	39794	39794	39794	39794	39794	39794	39794	39794	39794	39794	39794	39794																																																																																																																															
28103	35513	35513	35513	36209	36209	36209	36209	36209	36209	36209	36209	36209	38131	38131	38131	38131	38131	38131	38131	38131	38131	38131	38131	38131	38131	38131	38131	38131	38131	38131	41553	41553	41553	41553	41553	41553	41553	41553	41553	41553	41553	41553	41553	41553	41553	41553	41553	41553	41553	41553	41553	41553	41553	41553	41553	41553	41553	41553	41553	41553	41553	41553	43616	48389	48389	48389	48389	48389	48389	48389	48389	48389	48389	48389	48389	48389	48389	48389	48389	48389	48389	48389	48389	48389	48389	48389	48389	48389	48389	48389	48389	48389	48389	48389	48389	48389	48389	48389	48389	48389	48389	48389	48389	48389	48389	48389	48389	48389	48389	48389	48389	48389	48389	48389	48389	48389	48389																																																																																																																																								
28870	28870	28870	32345	32554	32554	32554	32554	32554	32554	38822	38822	38822	38822	38822	38822	38822	38822	38822	38822	38822	38822	38822	38822	38822	38822	38822	38822	38822	38822	38822	38822	38822	38822	38822	38822	38822	38822	38822	38822	38822	38822	38822	38822	38822	38822	38822	38822	38822	38848	38848	38848	38848	38848	38848	38848	38848	38848	38848	38848	38848	38848	38848	41385	41385	41385	41385	41385	41385	41385	41385	41385	41385	41385	41385	41385	41385	41385	41385	41385	41385	41385	41385	41385	41385	41385	41385	41385	41385	41385	41385	41385	41385	41385	41385	41385	41385	41385	41385	41385	41385	41385	41385	41385	41385	41385	42835	42835	42835	42835	42835	42835	42835	42835	42835	42835	42835	42835	42835																																																																																																																																							
26663	28745	34121	34121	34121	34121	34121	34121	34121	34121	34121	34121	34121	34121	34121	34121	34121	34121	41912	41912	41912	41912	41912	41912	41912	41912	41912	41912	41912	41912	41912	41912	41912	41912	41912	41912	41912	41912	41912	41912	41912	41912	41912	41912	41912	41912	41912	41912	41912	41912	41912	41912	41912	41912	41912	41912	41912	41912	41912	41912	41912	41912	41912	41912	41912	41912	41912	41912	41912	41912	41912	41912	41912	41912	41912	41912	41912	41912	41912	41912	41912	41912	41912	41912	41912	41912	41912	41912	41912	41912	41912	41912	41912	41912	41912	41912	41912	41912	41912	41912	41912	41912	41912	41912	41912	41912	41912	41912	41912	41912	41912	41912	41912	41912	41912	41912	41912	41912	41912	41912	41912	41912	41912																																																																																																																																			
30226	30226	30226	30226	33474	33474	33474	35895	35895	38080	38080	38080	38080	38080	38080	38080	38080	38080	38080	38080	38080	38080	38080	38080	38080	38080	38080	38080	38080	38080	38080	38080	38080	38080	38080	38080	38080	38080	38080	38080	38080	38080	38080	38080	38080	38080	38080	38080	38080	38080	38080	38080	38080	38080	38080	38300	38300	38300	38300	38300	38300	38300	38300	38300	38300	38300	38300	38300	38300	38300	38300	38300	38300	38300	38300	38300	38300	38300	38300	38300	38300	38300	38300	38300	38300	38300	38300	38300	38300	38300	38300	38300	38300	38300	38300	38300	38300	38300	38300	38300	38300	38300	38300	38300	38300	38300	38300	38300	38300	38300	38300	38300	38300	38300	41927	41927	41927	41927	41927	41927	41927																																																																																																																																					
06816	40647	40647	40647	40647	40647	40647	40647	40647	40647	40647	40647	40647	40647	40647	40647	40647	40647	40647	40647	40647	40647	40647	40647	40647	40647	40647	40647	40647	40647	40647	40647	40647	40647	40647	40647	40647	40647	40647	40647	40647	40647	40647	40647	40647	40647	40647	40647	40647	40647	40647	40647	40647	40647	40647	40647	41344	41344	41344	41344	41344	41344	41344	41344	41344	41344	41344	41344	41344	41344	41344	41344	41344	41344	41344	41344	45192	45192	45192	45192	45192	45192	45192	45192	45192	45192	45192	45192	45192	45192	45192	45192	45192	45192	45192	45192	45192	45192	45192	45192	45192	45192	45192	45192	45192	45192	45192	45192	45192	45192	45192	45192	45192	45192	45192	45192	45192	45192	45192	45192	45192	45192	45192	45192																																																																																																																																		
26027	35458	36101	36101	36101	36101	36101	36101	36101	36101	36918	36918	36918	40164	40164	40164	40164	40164	40164	40164	40164	40164	40164	40164	40164	40164	40164	40164	40164	40164	40164	40164	40303	40303	40303	40303	40303	40303	40303	40303	40303	40303	40303	40303	40303	40303	40303	40303	40303	40303	40303	40303	40303	40303	40303	40303	40303	40303	40303	40303	40303	40303	40303	40303	40303	40303	40303	40303	40303	40303	40303	40303	40303	40303	40303	40303	40303	40303	40303	40303	40303	40303	40303	40303	40303	40303	40303	40303	40303	40303	40303	40303	40303	40303	40303	40303	40303	40303	40303	40303	40303	40303	40303	40303	40303	40303	40303	40303	40303	40303	40303	40303	40303	40303	40303	40303	40303	40303																																																																																																																																								
30762	30762	35289	35289	35289	35289	35289	35452	35452	35452	35452	35452	35452	35452	36600	36600	36600	36600	36600	36600	36600	36600	36600	36600	36600	36600	37109	37109	37109	37109	37109	37109	37109	37109	37109	37109	37109	41514	41514	41514	41514	41514	41514	41514	41514	41514	41514	41514	41514	41514	41514	41514	41514	41514	41514	41514	41514	41514	41514	41514	41514	41514	41514	41514	41514	41514	41514	41514	41514	41514	41514	41514	41514	41514	41514	41514	41514	41514	41514	41514	41514	41514	41514	41514	41514	41514	43403	43403	43403	43403	43403	43403	43403	48793	48793	48793	48793	48793	48793	48793	48793	48793	48793	48793	48793	48793	48793	48793	48793	48793	48793	48793	48793	48793	48793	48793	48793	48793	48793	48793	48793	48793	48793	48793	48793																																																																																																																																	
29766	30322	33755	33755	33755	34940	34940	34940	34940	34940	34940	34940	34940	34940	34940	34940	34940	38268	38268	38627	38627	38627	38627	38627	38627	38627	38627	38627	38627	38627	38627	38627	38627	38627	38627	38627	38627	38627	38627	38627	38627	38627	38627	38627	38627	38627	38627	38627	38627	38627	38627	38627	38627	38627	38627	38627	38627	38627	38627	38627	38627	38627	38627	38627	38627	38627	38627	38627	38627	38627	38627	38627	38627	38627	38627	38627	41650	41650	41650	41650	41650	41650	41650	41650	41650	41650	41650	41650	41650	41650	41650	41650	41650	41650	41650	41650	41650	41650	41650	41650	41650	41650	41650	41650	41650	41650	41650	41650	41650	41650	41650	41650	41650	41650	41650	41650	41650	41650																																																																																																																																								
27304	27993	36529	36529	36529	36529	36529	36529	36529	36529	36529	36529	36529	36529	36529	36529	36529	36529	36529	36529	36529	36529	38000	38000	38000	38000	38000	38000	38000	38000	38000	38000	38000	38000	38000	38000	38000	38014	38014	38014	38014	38014	38014	38014	38014	38014	38014	38014	38014	38014	38014	38014	38014	38014	38014	38014	38014	38014	38014	38014	38014	38014	38014	38014	38014	38014	38014	38014	38014	38014	38014	38014	38014	38014	38014	38014	38014	38014	38014	38014	39645	39645	39645	39645	39645	40060	40060	40060	40060	40060	40060	40060	40060	40060	40060	40060	40060	40060	40060	40060	40060	40060	40060	40060	40060	40060	40060	40060	40060	40060	40060	40060	40060	40060	40060	40060	40060	40060	40060	40060	40060																																																																																																																																					
20134	36402	36402	36402	37871	37871	37871	37871	37871	37871	37871	37871	37871	37871	37871	37871	37871	37871	37871	37871	37871	37871	37871	37871	38030	38030	38030	38030	38030	38030	38332	38332	38332	38332	38332	38332	38332	38332	38332	38332	38332	38332	38332	38332	38332	38332	38332	38332	39710	39710	39710	39710	39710	39710	39710	39710	39710	39710	39717	39717	39717	39717	39717	39717	39717	39717	39717	39717	39717	39717	39717	39717	39717	39717	39717	39717	39717	39717	39717	39717	39717	39717	39717	39717	39717	39717	39717	39717	39717	39717	39717	39717	39717	39717	39717	39717	39717	39717	39717	39717	39717	39717	39717	39717	39717	39717	39717	39717	39717	39717	39717	39717	39717	39717	39717	39717	39717	39717	39717	39717	39717	39717	39717																																																																																																																																			
28612	28612	28612	28612	28612	28612	28612	28612	43687	43687	43687	43687	43687	43687	43687	43687	43687	43687	43687	43687	43687	43687	43687	43687	43687	43687	43687	43687	43687	43687	43687	43687	43687	43687	43687	43687	43687	43687	43687	43687	43687	43687	43687	43687	43687	43687	43687	43687	43687	43687	43687	43687	43687	43687	43687	43687	43687	43687	43687	43687	43687	43687	43687	43687	43687	43687	43687	43687	43687	43687	43687	43687	43687	43687	43687	43687	43687	43687	43687	43687	43687	43687	43687	43687	43687	43687	43687	43687	43687	43687	43687	43687	43687	43687	43687	43687	43687	43687	43687	43687	43687	43687	43687	43687	43687	43687	43687	43687	43687																																																																																																																																																	
35243	35243	47246	47246	47246	47246	47246	47246	47246	47246	47246	47246	47246	47246	47246	47246	47246	47246	47246	47246	47246	47246	47246	47246	47246	47246	47246	47246	47246	47246	47246	47246	47246	47246	47246	47246	47246	47246	47246	47246	47246	47246	47246	47246	47246	47246	47246	47246	47246	47246	47246	47246	47246	47246	47246	47246	47246	47246	47246	47246	47246	47246	47246	47246	47246	47246	47246	47246	47246	47246	47246	47246	47246	47246	47246	47246	47246	47246	47246	47246	47246	47246	47246	47246	47246	47246	47246	47246	47246	47246	47246	47246	47246	47246	47246	47246	47246	47246	47246	47246	47246	47246	47246	47246	47246	47246	47246	47246	47246	47246	47246	47246	47246	47246	47246	47246	47246	47246	47246	47246																																																																																																																																						
29583	34287	36671	36671	36671	36671	36671	36671	36671	36671	36671	36671	36671	36671	36671	36671	36671	36671	36671	36671	36671	36671	36671	36671	36907	37768	37768	37768	37768	37768	37768	37768	39600	39600	39600	39600	39600	39600	39600	39600	39600	39600	39600	39600	39600	39600	39600	39600	39600	39600	39600	39600	39600	39600	39600	39600	39600	39600	39600	39600	39600	39600	39600	39600	39600	39600	39600	39600	39600	39600	39600	39600	39600	39600	39600	39600	39600	39600	39600	39600	39600	39600	39600	39600	39600	39600	39600	39600	39600	39600	39600	39600	39600	39600	39600	39736	39736	39736	39736	39736	39736	39736	39736	39736	39736	39736	39736	39736	39736	39736	39736	39736	39736	39736	39736	39736	39736	39736	39736	42681	42681	42681	42681	42681																																																																																																																																		
27276	35163	35163	35163	35163	35163	35163	35163	35163	35163	35163	38348	38348	41518	41518	41518	41518	41518	45891	45891	45891	45891	45891	45891	45891	45891	45891	45891	45891	45891	45891	45891	45891	45891	46420	46420	46420	46420	46420	46420	46420	46420	46420	46420	46420	46420	46420	46420	46420	46420	46420	46420	46420	46420	46420	46420	46420	46420	46420	46420	46420	46420	46420	46420	46420	46420	46420	46420	46420	46420	46420	46420	46420	46420	46420	46420	46420	46420	46420	46420	46420	46420	46420	46420	46420	46420	46420	46420	46420	46420	46420	46420	46420	46420	46420	46420	46420	46420	46420	46420	46420	46420	46420	46420	46420	46420	46420	46420	46420																																																																																																																																																	
29941	29941	29941	46038	46038	46038	46038	46038	46038	46038	46038	46038	46038	46038	46038	46038	46038	46038	46038	46038	46038	46038	46038	46038	46038	46038	46038	46038	46038	46038	46038	46038	46038	46038	46038	46038	46038	46038	46038	46038	46038	46038	46038	46038	46038	46038	46038	46038	46038	46038	46038	46038	46038	46038	46038	46038	46038	46038	46038	46038	46038	46038	46038	46038	46038	46038	46038	46038	46038	46038	46038	46038	46038	46038	46038	46038	46038	46038	46038	46038	46038	46038	46038	46038	46038	46038	46038	46038	46038	46038	46038	46038	46038	46038	46038	46038	46038	46038	46038	46038	46038	46038	46038	46038	46038	46038	46038	46038	46038	46038	46038	46038	46038	46038	46038	46038	46038																																																																																																																																									
38007	38007	38007	38007	38007	38007	38007	38007	38007	38007	38007	38007	38007	38007	38007	38007	38007	38007	38007	38007	38007	38007	38007	38007	38007	38007	38007	38007	38007	40198	40198	40198	40198	40198	40198	40198	40198	40198	40198	40198	40198	40198	40198	40198	40198	40198	40198	40198	40198	40198	40198	40198	40198	40198	40198	40198	43291	43291	43291	43291	43291	43291	43291	43291	43291	43291	47020	47020	47020	47020	47020	47020	47020	47020	47020	47020	47020	47020	47020	47020	47020	47020	47020	47020	47020	47020	47020	47020	47020	47020	47020	47020	47020	47020	47020	47020	47020	47020	47020	47020	47020	47020	47020	47020	47020	47020																																																																																																																																																				
33508	33508	33508	33508	33840	35070	35070	35070	35070	35070	35070	35070	35070	35070	37094	37094	37094	37094	37094	37094	37094	37094	37094	37733	37733	37733	37733	37733	37733	37733	37733	37733	37733	40548	40548	40548	40548	40548	40548	40548	40548	40548	40548	40548	40548	40548	40548	40548	40548	40548	40548	40548	40548	40548	40548	40548	40548	40548	40548	40548	40548	40548	40548	40548	40548	40548	40548	40548	40548	40548	40548	40548	40548	40548	40548	40548	40548	40548	40548	40548	40548	40548	40548	40548	40548	40548	41522	41522	41522	41522	41522	41522	41522	41522	42073	42073	42073	42073	42073	42073	42073	42073	42073	42073	42073	42073	42073	42073	42073	42073	42073	42073	42073	42073																																																																																																																																												
35056	35056	35056	35056	35056	35056	35056	35056	35056	35056	35056	37157	37157	40159	40159	40159	40159	40159	40159	40159	40159	40159	40159	40159	40159	40159	40159	40159	40159	40159	40159	40159	40159	40159	40159	40159	40159	40159	40159	40159	40159	40159	40159	40159	40159	40159	40159	40159	40159	40159	40159	40159	40159	40159	40159	40159	40159	40159	40159	40159	40159	40159	40159	40159	40159	40159	40159	40159	40159	40159	40159	40159	40159	40159	40159	44576	44576	44576	44576	44576	44576	44576	44576	44576	44576	44576	44576	44576	44576	44576	44686	44686	44686	44686	44686	44686	44686	44686	44686	44686	44686	44686	44686	44686	44686	44686	44686	44686	44686	44686	44686																																																																																																																																															
29400	30635	30635	30635	30635	34048	34048	38863	38863	38863	38863	38863	38863	38863	38863	38863	38863	38863	38863	50257	50257	50257	50257	50257	50257	50257	50257	50257	50257	50257	50257	50257	50257	50257	50257	50257	50257	50257	50257	50257	50257	50257	50257	50257	50257	50257	50257	50257	50257	50257	50257	50257	50257	50257	50257	50257	50257	50257	50257	50257	50257	50257	50257	50257	50257	50257	50257	50257	50257	50257	50257	50257	50257	50257	50257	50257	50257	50257	50257	50257	50257	50257	50257	50257	50257	50257	50257	50257	50257	50257	50257	50257	50257	50257	50257	50257	50257	50257	50257	50257	50257	50257	50257	50257	50257	50257	50257	50257	50257	50257	50257	50257	50257	50257	50257	50257	50257																																																																																																																																									
23302	23302	32024	32024	32024	32469	32469	32469	32469	36550	36550	36550	36550	36550	36550	38606	38606	38606	38606	38606	38783	38783	38783	38783	38783	38783	38783	38783	38783	38783	38783	38783	38783	38783	38783	38783	38783	38783	38783	38783	38783	38783	38783	38783	38783	38783	38783	38783	38783	38783	38783	38783	38783	38783	38783	38783	38783	38783	38783	38783	38783	38783	38783	38783	38783	38783	38783	38783	38783	38783	38783	38783	42914	42914	42914	42914	42914	42914	42914	42914	42914	42914	42914	42914	42914	42914	42914	42914	42914	42914	42914	42914	42914	42914	42914	42914	42914	42914	42914	42914	42914	42914	42914	42914	42914	42914	42914	42914	42914	42914	42914	42914	42914	42914	42914	42914	42914	42914	42914	42914	42914	42914	42914	42914	42914	42914	42914
41262	41262	41262	41262	41262	41262	41262	41262	41262	41262	41262	41262	41262	41262	41262	42260	42260	42260	42260	42260	42260	42260	42260	42260	42260	42260	42260	42260	42260	42260	42260	42260	42260	42260	42260	42260	42260	42260	42260	42260	42260	42260	42260	42260	42260	42260	42260	42260	42260	42260	42260	42260	42260	42260	42260	42260	42260	42260	42260	42260	42260	42260	42260	42260	49822	49822	49822	49822	49822	49822	49822	49822	49822	49822	49822	49822	49822	49822	49822	49822	49822	49822	49822	49822	49822	49822	49822	49822	49822	49822	49822	49822	49822	49822	49822	49822	49822	49822	49822	49822	49822	49822	49822	49822	49822	49822	49822	49822	50789	50789	50789	50789	50789
37263	37263	37263	37263	37263	37263	37263	37263	37263	37263	37263	37263	37263	37263	38793	38793	38793	38793	38793	38793	38793	38793	38793	38793	38793	38793	38793	38793	38793	38793	38793	38793	38793	38793	38793	38793	38793	38793	38793	38793	38793	38793	38793	38793	38793	38793	38793	38793	38793	38793	38793	38793	38793	38793	38793	38793	38793	38793	38793	38793	38793	38793	38793	38793	38793	38793	38793	38793	38793	38793	38793	38793	38793	38793	38793	38793	38793	38793	38793	39520	39520	39520	39520	39520	39520	39520	39520	39520	39520	39520	39520	39520	39520	39520	39520	39520	39520	39520	39520	39520	39520	39520	39520	39520	39520	39520	39520	39520	39520	39520	39520	39520	39520	39520	39520	39520	41970	41970	41970	41970																																																																																																																																						
30112	30520	33553	33553	33553	36931	36931	36931	41366	41366	41366	41366	41366	41366	41366	41366	41366	41366	41366	41366	41366	41366	41366	41366	41366	41366	41366	41366	41366	41366	41366	41366	41366	41366	41366	41366	41366	41366	41366	41366	41366	41366	41366	41366	41366	41366	41366	41366	41366	41366	41366	41366	41366	41366	41366	41366	41366	41366	41366	41366	41366	41366	41366	41366	41366	41366	41366	41366	41366	41366	41366	41366	41366	41366	41366	41366	41366	41366	41366	41366	41366	41366	41366	41366	41366	41366	41366	41366	41366	41366	41366	41366	41366	41366	50009	50009	50009	50009	50009	50009	50009	50009	50009	50009	50009	50009	50009	50009	50009	50009	50009	50009	50009	50009	50009	50009	50009																																																																																																																																									
26505	30762	37762	37762	37762	37762	37762	37762	37762	37762	37762	38271	38271	38271	38271	38271	38271	38271	38271	38271	38271	38271	38271	38271	38271	38271	38271	38271	38271	38271	38271	38271	38271	38271	38271	38271	38271	38271	38271	38271	38271	38878	38878	39240	39240	39240	39240	39240	39240	39240	39240	39240	39240	39240	39240	39240	39240	39240	39240	39240	39240	39240	39240	39240	39240	39240	39240	39240	39240	39240	39240	39240	39240	39240	39240	39240	39240	39240	39240	39240	39240	39240	39240	39240	39240	39240	39240	39240	39240	39240	39240	39724	39724	39724	39724	39724	39724	39724	39724	39724	39724	39724	39724	39724	39724	39724	39724	39724	39724	39724	39724	39724	39724	39724	39724	39724	39724	39724	39724	39724	39724	39724	39724	39724
30111	33353	42408	42408	42408	42408	42408	42408	42408	42408	42408	42408	42408	42408	42408	42408	42408	42408	42408	42408	42408	42408	42408	42408	42408	42408	42408	42408	42408	42408	42408	42408	42408	42408	42408	42408	42408	42408	42408	42408	42408	42408	42408	42408	42408	42408	42408	42408	42408	42408	42408	42408	42408	42408	42408	42408	42408	42408	43055	43055	43055	43055	43055	43055	43055	43055	43055	43055	43055	43055	43055	43055	43055	43055	43055	43055	43055	43055	43055	43055	43055	43055	43055	43055	43055	43055	43055	43055	43055	43055	43055	43055	43055	43055	43055	43055	43055	43055	43055	43055	43055	43055	43055	43055	43055	43055	43055	43055	43055	43055	43055	43055	43055	43055	43055	43055	43055
13591	38366	38366	38366	38366	49613	49613	49613	49613	49613	49613	49613	49613	49613	49613	49613	49613	49613	49613	49613	49613	49613	49613	49613	49613	49613	49613	49613	49613	49613	49613	49613	49613	49613	49613	49613	49613	49613	49613	49613	49613	49613	49613	49613	49613	49613	49613	49613	49613	49613	49613	49613	49613	49613	49613	49613	49613	49613	49613	49613	49613	49613	49613	49613	49613	49613	49613	49613	49613	49613	49613	49613	49613	49613	49613	49613	49613	49613	49613	49613	49613	49613	49613	49613	49613	49613	49613	49613	49613	49613	49613	49613	49613	49613	49613	49613	49613	49613	49613	49613	49613	49613	49613	49613	49613	49613	49613	49613	49613	49613	49613	49613	49613	49613	49613
20890	20890	30559	35336	35336	35336	35336	35336	37960	42750	42750	42750	42750	42750	42750	42750	42750	42750	42750	42750	42750	42750	42750	42750	42750	42750	42750	42750	42750	42750	42750	42750	42750	43684	43684	43684	43684	43684	43684	43684	43684	43684	43684	43684	43684	43684	43684	43684	43684	43684	43684	43684	43684	43684	43684	43684	43684	43684	43684	43684	43684	43684	43684	43684	43684	43684	43684	43684	43684	43684	43684	43684	43684	43684	43684	43684	43684	43684	43684	43684	43684	43684	43684	43684	43684	43684	43684	43684	43684	43684	43684	43684	43684	43684	43684	43684	43684	43684	43684	43684	43684	43684	43684	43684	43684	43684	43684	43684	43684	43735	43735	43735	43735	43735	43735	43735	43735	43735	43735	43735	43735	43735	43735	43735
36699	36699	37314	37314	37314	37314	37314	37314	37314	37314	37314	37314	37314	37314	37314	37314	37314	37314	37314	37314	37314	37314	37314	37314	37314	37513	37513	37513	37513	37513	37513	37513	37513	37513	37513	37513	37513	37513	43384	43384	43384	43384	43384	43384	43384	43384	43384	48653	48653	48653	48653	48653	48653	48653	48653	48653	48653	48653	48653	48653	48653	48653	48653	48653	48653	48653	48653	48653	48653	48653	48653	48653	48653	48653	48653	48653	48653	48653	48653	48653	48653	48653	48653	48653	48653	48653	48653	48653	48653	48653	48653	48653	48653	48653	48653	48653	48653	48653	48653	48653	51270	51270	51270	51270	51270	51270	51270	51270	51270	51270	51270	51270	51270	51270	51270	51270	51270
38001	38001	38001	38001	38001	38001	38001	38001	38001	38001	38001	38001	38001	38001	38001	38001	38001	38001	38001	38001	38001	38001	38001	38001	38001	38001	38001	38001	38001	38001	38001	38001	38001	38393	38393	38393	38393	38393	38393	38393	38393	38393	38393	38393	38393	38393	38393	38393	38393	38393	38393	38393	38393	38526	38526	38526	38526	38526	39083	39083	39083	39083	39083	39083	39083	39083	39083	39083	39083	39083	39083	39083	39083	39083	39083	39083	39083	39083	39083	39083	39083	39083	39083	39083	39083	39083	39083	39083	39083	39083	39083	39083	39083	39083	39083	39083	39083	39083	40605	40605	40605	40605	40605	40605	40605	40605	40605	40605	40605	40605	40605	40605	40605	40605	40605	40605	40605	40605	40605	40605	40605	40605
29236	38071	38071	38071	38071	38071	38071	38071	38071	38071	38071	38071	38071	38071	38071	38071	38071	38071	38071	38071	38071	38071	38071	38071	38071	38103	38103	38103	38103	38103	38103	38103	38103	38103	38103	38103	38103	38103	38103	38661	38661	38661	38661	38888	38888	38888	38888	38888	38888	38888	38888	38888	38888	38888	38888	38888	38888	38888	38888	38888	38888	38888	38888	38888	38888	38888	38888	38888	38888	38888	38888	38888	38888	38888	38888	38888	38888	38888	38888	38888	38888	38888	38888	38888	38888	38888	38888	38888	38888	38888	38888	38888	38888	38888	38888	38888	38888	38888	38888	38888	38888	38888	38888	38888	38888	38888	38888	38888	38888	38888	38888	38888	38888	38888	38888	38888	38888
23800	33583	33583	33583	33583	33583	33583	33583	34228	34228	34228	34228	40199	40199	40199	40199	40199	40199	40199	40199	40199	40199	40199	40199	40199	40199	40199	40199	40199	40199	40199	40199	40199	40199	40199	40199	40199	40199	40199	40199	40199	40199	40199	40199	40199	40199	40199	40199	40199	40199	40199	40199	40199	40199	40199	40199	40199	40199	40199	43735	43735	43735	43735	43735	43735	43735	43735	43735	43735	43735	43735	43735	43735	43735	43735	43735	43735	43735	43735	43735	43735	43735	43735	43735	43735	43735	43735	43735	43735	43735	43735	43735	43735	43735	43735	43735	43735	43735	43735	43735	43735	43735	43735	43735	43735	43735	43735	43735	43735	43735	43735	43735	43735	43735	43735	43735	43735	43735	43735	43735
26370	26370	38635	38635	38635	38635	38635	38635	38635	38635	38635	38635	38635	41811	41811	41811	41811	41811	41811	41811	41811	41811	41811	41811	41811	41811	41811	41811	41811	41811	41811	41811	42092	42092	42092	42092	42092	42092	42092	42092	42092	42092	42092	42092	42092	42092	42092	42092	42092	42092	42092	42092	42092	42092	42092	42092	42092	42092	42092	42092	42092	42092	42092	42092	42092	42092	42092	42092	42092	42092	42092	42092	42092	42092	42092	42092	42092	42092	42092	42092	42092	42092	42092	42092	42092	42092	42092	42092	42092	42092	42092	42092	42092	42092	42092	42092	42092	42092	42092	42092	42092	42092	42092	42092	42092	42092	42092	42092	42092	42092	42092	42092	42092	42092	42092	42092	42092
30381	30381	36043	39953	39953	39953	39953	39953	39953	39953	39953	39953	39953	39953	39953	39953	39953	39953	39953	39953	39953	39953	39953	39953	39953	39953	39953	39953	39953	39953	39953	39953	39953	39953	39953	39953	39953	39953	39953	39953	39953	39953	39953	39953	39953	39953	39953	39953	39953	39953	39953	39953	39953	39953	39953	39953	39953	39953	39953	39953	39953	39953	39953	39953	39953	39953	39953	39953	39953	39953	39953	39953	39953	39953	46056	46056	46056	46056	46056	46056	46056	46056	46056	46056	46056	46056	46056	46056	46056	46056	46056	46056	46056	46056	46056	46056	46056	46056	46056	46056	46056	46056	46056	46056	46056	46056	46056	46056	46056	46056	46056	46056	46056	46056	46056	46056	46056	46056	46056	46056	46056	46056	46056	46056	46056	46056	46056	46056	46056	46056	46056	46056
31367	33817	35386	35386	35386	37229	37229	37229	37229	37229	37229	37229	37229	37229	37229	37229	37229	37229	37229	37229	43701	43701	43701	43701	43701	43701	43701	43701	43701	43701	43701	43701	43701	43701	43701	43701	43701	43701	43701	43701	43701	43701	43701	43701	43701	43701	43701	43701	43701	43701	43701	43701	43701	43701	43701	43701	43701	43701	43701	43701	43701	43701	43701	43701	43701	43701	43701	43701	43701	43701	43701	43701	43701	43701	43701	43701	43701	43701	43701	43701	43701	43701	43701	43701	43701	43701	43701	43701	43701	43701	43701	43701	43701	43701	43701	43701	43701	43701	43701	43701	43701	43701	43701	43701	43701	43701	43701	43701	43701	43701	43701	43701	43701	43701	43701	43701
38609	38609	43289	43289	43289	43289	43289	43289	43289	43289	43289	43289	43289	43289	43289	43289	43289	43289	43289	43289	43289	43289	43289	43289	43289	43289	43289	43289	43289	43289	43289	43289	43289	43289	43289	43289	43289	43289	43289	43289	43289	43289	43289	43289	43289	43289	43289	43289	43289	43289	43289	43289	43289	43289	43289	43289	43289	43289	43289	43289	43289	43289	43289	43289	43289	43289	43289	43289	43289	43289	43289	43289	43289	43289	43289	43289	43289	43289	43289	43289	43289	43289	43289	43289	43289	43289	43289	43289	43289	43289	43289	43289	43289	43289	43289	43289	43289	43289	43289	43289	43289	44298	44298	44298	44298	44298	44298	44298	44298	44298	44298	44298	44298	44298	44298	44298	50048	50048	50048	50048	50048	50048	50048	50048
31938	31938	31938	31938	31938	31938	31938	31938	31938	31938	31938	31938	31938	31938	31938	31938	31938	32571	35152	35152	35152	35152	35152	36705	36705	36705	36705	36705	36705	36705	36705	36705	37787	37787	37787	37787	37787	37787	37787	37787	37787	37787	37787	37787	37787	37787	37787	37787	37787	37787	37787	37787	37787	37787	37787	37787	37787	37787	37787	37787	37787	37787	37787	37787	37787	37787	37787	37787	37787	37787	37787	37787	37787	37787	37787	37787	37787	37787	37787	37787	37787	37787	37787	37787	37787	37787	37787	38030	38030	38030	38030	38030	38030	38030	38030	38030	38030	38030	38030	38030	38030	38030	38030	38030	38030	38030	38030	38030	38030	38030	38030	38030	38030	38030	38030	38030	38030	38030	38030	38030	38030	38030	38030	38030	38030	38030	38030	38030	38030
45949	45949	45949	45949	45949	45949	45949	45949	45949	45949	45949	45949	45949	45949	45949	45949	45949	45949	45949	45949	45949	45949	45949	45949	45949	45949	45949	45949	45949	45949	45949	45949	45949	45949	45949	45949	45949	45949	45949	45949	45949	45949	45949	45949	45949	45949	45949	45949	45949	45949	45949	45949	45949	45949	45949	45949	45949	45949	45949	45949	45949	45949	45949	45949	45949	45949	45949	45949	45949	45949	45949	45949	45949	45949	45949	45949	45949	45949	45949	45949	45949	45949	45949	45949	45949	45949	45949	45949	45949	45949	45949	45949	45949	45949	45949	45949	45949	45949	45949	45949	45949	45949	45949	45949	45949	45949	45949	45949	45949	45949	45949	45949	45949	45949	45949	45949	45949	45949	45949	45949	45949	45949	45949	45949	45949	45949
26436	28907	28907	28907	28907	28907	33900	33900	33900	33900	33900	33900	33900	33900	36708	36708	36708	36708	36708	36708	36708	36708	37594	37594	37594	40243	40243	40243	40243	40243	40243	40243	40243	40243	40243	40243	40243	40243	40243	40243	40243	40243	40243	40243	40243	40243	40243	40243	40243	40243	40243	40243	40243	40243	40243	40243	40243	40243	40243	40243	40243	40243	40243	40243	40243	40243	40243	40243	40243	40243	40243	41041	41041	41041	41041	41041	41041	41041	41041	41041	41041	41041	41041	41041	41041	41041	41041	41041	41041	41041	41041	41041	41041	41041	41041	41041	41041	41041	44438	44438	44438	44438	44438	44438	44438	44438	44438	44438	44438	44438	44438	46194	46194	46194	46194	46194	46194	46194	46194	46194	46194	46194	46194	46194	46194
31641	31641	31641	31641	31641	33900	33900	33900	39824	39824	39824	39824	39824	39824	39824	39824	40301	40301	40301	40301	40301	40301	40301	40301	40301	40301	40301	40301	40301	40301	40301	40301	40301	40301	40301	40301	40301	40301	40301	40301	40301	40301	40301	40301	40301	40301	40301	40301	40301	40301	40301	40301	40301	40301	40301	40301	40301	40301	40301	40301	40301	40301	40301	40301	40301	40301	40301	40301	40301	40301	40301	47849	47849	47849	47849	47849	47849	47849	47849	47849	47849	47849	47849	47849	47849	47849	47849	47849	47849	47849	47849	47849	47849	47849	47849	47849	47849	47849	47849	47849	47849	47849	47849	47849	47849	47849	47849	47849	47849	47849	47849	47849	47849	49677
19494	27428	40000	40000	40000	40000	40000	40000	40000	40000	40000	40000	40000	40000	40000	40000	40000	40000	40000	40000	40000	40000	40000	40000	40000	40000	40000	40000	40000	40000	40000	40000	40000	40000	40000	40000	40000	40000	40000	40000	40000	40000	40000	40000	40000	40000	40000	40000	40000	40000	40000	40000	40000	40000	40000	40000	40000	40000	40000	40909	40909	40909	40909	40909	40909	40909	40909	40909	40909	40909	40909	40909	40909	40909	40909	40909	40909	40909	40909	40909	40909	40909	40909	40909	40909	40909	40909	40909	40909	40909	40909	40909	40909	40909	40909	40909	40909	40909	40909	40909	40909	40909	40909	40909	40909	40909	40909	40909	40909	40909	41717	41717	41717	41717	41717	41717	41717	41717	41717	41717	41717	43658	43658	43658	43658
27136	38468	38468	38468	38468	38468	38468	40313	40313	40313	40313	40313	40313	40313	40313	40313	40313	40313	40313	40313	40313	40313	40313	40313	40313	40313	40313	40313	40313	40313	40313	41430	41430	41430	41430	41430	41430	41430	41430	41430	41430	41430	41430	41430	41430	41430	41430	41430	41430	41430	41430	41430	41430	41430	41430	41430	41430	41430	44851	44851	44851	44851	44851	44851	44851	44851	44851	44851	44851	44851	44851	44851	44851	44851	44851	44851	44851	44851	44851	44851	44851	44851	44851	44851	44851	44851	44851	44851	44851	44851	44851	44851	44851	44851	44851	44851	44851	44851	44851	44851	44851	44851	44851	44851	44851	44851	44851	44851	44851	44851	44851	44851	44851	44851	44851	44851	44851	44851	44851	44851	44851	44851	44851
35019	35019	35019	35019	35019	35019	35468	37635	37635	37635	37635	37635	37635	37635	37635	37635	37635	37635	37635	37635	37635	37635	37635	37635	37635	37635	37635	37635	37635	37635	37635	37635	37635	37635	37635	37635	37635	37635	37635	37635	37635	37635	37635	37635	37635	37635	37635	37635	37635	37635	37635	37635	37635	37635	37635	37635	37635	37635	37635	37635	37635	37635	37635	37635	37635	37635	37635	37635	37635	37635	37635	37635	37635	37635	37635	37635	37635	37635	37635	37635	37635	37635	37635	37635	37635	37635	37635	37635	37635	37635	37635	37635	37635	37635	37635	37635	37635	37635	37635	37635	37635	38944	38944	45310	45310	45310	45310	45310	45310	45310	45310	45310	45310	45310	45310	45310	45310	45310	45310	45310	45310	45310	45310	45310	45310	45310
30062	30062	32208	32208	35058	35058	35058	35058	37281	37281	37281	37281	37281	37281	37281	37281	37281	37281	37937	37937	37937	37937	37937	37937	37937	37937	37937	37937	37937	37937	37937	37937	38338	38338	38338	38338	38338	38338	38338	38338	38338	38338	38338	38338	38338	38338	38338	38338	38338	38338	38338	38338	38338	38338	38338	38338	38338	38338	38338	38338	38338	38338	38338	38338	39322	39322	39322	39322	39322	39322	39322	39322	39322	39322	39322	39322	39322	39322	39322	39322	39322	39322	39322	39322	39322	39322	39322	39322	41455	41455	41455	41455	41455	41455	41455	41455	41455	41455	41455	41455	41455	41455	41455	41455	41455	41455	41455	41455	41455	41455	41455	41455	41455	41455	41455	41455	41455
23718	31380	31380	31380	35706	36201	36201	36201	36201	36201	36201	36201	36201	36201	36201	38869	38869	38869	38869	38869	38869	38869	39389	39389	39389	39965	39965	39965	39965	39965	39965	39965	39965	39965	43572	43572	43572	43572	43572	43572	43572	43572	43572	43572	43572	43572	43572	43572	43572	43572	43572	43572	43572	43572	43804	43804	43804	43804	43804	43804	43804	43804	43804	43804	43804	43804	43804	43804	43804	43804	43804	43804	43804	43804	43804	43804	43804	43804	43804	43804	43804	43804	43804	43804	43804	43804	43804	43804	43804	43804	43804	43804	43804	43804	43804	43804	43804	43804	43804	43804	43804	43804	43804	43804	43804	43804	43804	43804	43804	43804	43804	43804	43804	43804	43804	43804	43804	43804	43804	43804	43804	43804	43804	43804	43804	43804	43804
31029	31029	31029	31029	33927	33927	33927	33927	33927	33927	36789	36789	36789	36789	36789	36789	36789	37168	37168	37168	37168	37168	37168	37168	37168	37168	40526	40526	40526	40526	40526	40526	40526	40526	40526	40526	40526	40526	40526	40526	40526	40526	40526	40526	40526	40526	40526	40526	48897	48897	48897	48897	48897	48897	48897	48897	48897	48897	48897	48897	48897	48897	48897	48897	48897	48897	48897	48897	48897	48897	48897	48897	48897	48897	48897	48897	48897	48897	48897	48897	48897	48897	48897	48897	48897	48897	48897	48897	48897	48897	48897	48897	48897	48897	48897	48897	48897	48897	48897	48897	48897	48897	48897	48897	48897	48897	48897	48897	48897	48897	48897	48897	48897	48897	48897	48897	48897	48897	48897	48897	48897	
18936	26422	29990	34116	36169	36169	36169	36169	36575	36575	36575	36575	36575	36575	36575	36575	36575	36575	36575	36575	36575	36575	36575	36575	36575	36575	36575	36575	36575	36575	36575	36575	36575	36575	42214	42214	42214	42214	42214	42214	42214	42214	42214	42214	42214	42214	42214	42214	42214	42214	42214	42214	42214	42214	42214	42214	42214	42214	42214	42214	42214	42214	42214	42214	42214	42214	42214	42214	42214	42214	42214	42214	42214	42214	42214	42214	42214	42214	42214	42214	42214	42214	42214	42214	42214	42214	42214	42214	42214	42214	42214	42214	42214	42214	42214	42214	42214	42214	42214	42214	42214	42214	42214	42214	42214	42214	42214	42214	42214	42214	42214	42214	42214	42214	42214	42214	42214	42214	42364	42364	42364	42419	42419	
35116	35116	35116	35116	38636	38636	38636	38636	38636	38636	38636	39870	39870	39870	39870	39870	39870	39870	39870	44690	44690	44690	44690	44690	44690	44690	44690	44690	44690	44690	44690	44690	44690	44690	44690	44690	44690	44690	44690	44690	44690	44690	44690	44690	44690	44690	44690	44690	44690	44690	44690	44690	44690	44690	44690	44690	44690	44690	44690	44690	44690	44690	44690	44690	44690	44690	44690	44690	44690	44690	44690	44690	44690	44690	44690	44690	44690	44690	44690	44690	44690	44690	44690	44690	44690	44690	44690	44690	44690	44690	44690	44690	44690	44690	44690	44690	44690	44690	44690	44690	44690	44690	44690	44690	44690	44690	44690	44690	44690	44690	44690	44690	44690	44690	44690	44690	44690	44690	44690	
31398	31398	32147	32147	32147	36275	36275	36275	36275	36275	36275	36275	36275	36275	36275	36275	36275	36275	36275	39056	39056	39056	39056	39056	39056	39056	39056	39056	39056	39056	39056	39056	39056	39056	39056	39056	39056	39056	39056	39056	39056	39056	39056	44115	44115	44115	44115	44115	44115	44115	44115	44115	44115	44115	44115	44115	44115	44115	44115	44115	44115	44115	44115	44115	44115	44115	44115	44115	44115	44115	44115	44115	44115	44115	44115	44115	44115	44115	44115	44115	44115	44115	44115	44115	44115	44115	44115	44115	44115	44115	44115	44115	44115	44115	44115	44115	44115	44115	44115	44115	44115	44115	44115	44115	44115	44115	
37149	37149	37149	37149	37149	37149	37149	37149	37149	37149	37149	37149	37149	37149	37149	37149	37149	37149	37149	37149	37149	37149	37149	37149	37149	37149	37149	37149	37149	37149	37149	37149	37149	37149	37149	39929	41822	41822	41822	41822	41822	41822	41822	41822	41822	41822	41822	41822	41822	41822	41822	41822	41822	41822	41822	41822	41822	41822	41822	41822	41822	41822	43995	43995	43995	43995	43995	43995	43995	43995	43995	43995	43995	43995	43995	43995	43995	43995	43995	43995	43995	43995	43995	43995	43995	43995	43995	43995	43995	43995	43995	43995	43995	43995	43995	43995	43995	43995	43995	43995	43995	43995	43995	43995	43995	43995	43995	43995	43995	43995	43995	43995	43995	43995	43995	43995	43995	43995	43995	43995	43995	43995	43995	
23144	32344	32344	38665	38665	38665	38665	38665	40288	40288	40288	40288	40288	40288	40288	40288	40288	40288	40288	40288	40288	40288	40288	40288	40288	40288	40288	40288	40288	40288	40288	40288	40288	40288	40288	40288	40288	40288	40288	40288	40288	40288	40288	40288	40288	40288	40288	40288	40288	40288	40288	40288	40310	41826	41826	41826	41826	41826	41826	41826	41826	41826	41826	41826	41826	41826	41826	41826	41826	41826	41826	41826	41826	41826	41826	41826	41826	41826	41826	41826	41826	41826	41826	41826	41826	41826	41826	41826	41826	41826	41826	41826	41826	41826	41826	41826	41826	41826	41826	41826	41826	41826	41826	41826	41826	43274	43274	43274	43274	43274	43274	43274	
31936	33648	33648	33648	33648	33648	33648	33883	35761	39922	39922	39922	39922	39922	39922	39922	39922	39922	39922	39922	39922	39922	39922	39922	39922	39922	39922	39922	39922	39922	39922	39922	39922	39922	39922	39922	39922	39922	39922	39922	39922	39922	39922	39922	39922	39922	39922	39922	39922	39922	39922	39922	39922	39922	39922	39922	39922	39922	39922	39922	39922	39922	39922	39922	39922	39922	39922	39922	39922	39922	39922	39922	39922	39922	39922	41935	41935	41935	41935	41935	41935	41935	41935	41935	41935	41935	41935	41935	41935	41935	41935	41935	41935	41935	41935	41935	41935	41935	41935	41935	41935	41935	41935	41935	41935	41935	41935	41935	41935	41935	41935	41935	41935	41935	41935	41935	41935	41935	41935	
26324	33525	33525	33525	33525	33525	33525	33525	33525	33525	34840	34840	37074	37074	37074	38793	38793	38793	46389	46389	46389	46389	46389	46389	46389	46389	46389	46389	46389	46389	46389	46389	46389	46389	46389	46389	46389	46389	46389	46389	46389	46389	46389	46389	46389	46389	46389	46389	46389	46389	46389	46389	46389	46389	46389	46389	46389	46389	46389	46389	46389	46389	46389	46389	46389	46389	46389	46389	46389	46389	46389	46389	46389	46389	46389	46389	46389	46389	46389	46389	46389	46389	46389	46389	46389	46389	46389	46389	46389	46389	46389	46389	46389	46389	46389	46389	46389	46389	46389	46389	46389	46389	46389	46389	46389	46389	46389	46389	46389	46389	46389	46389	46389	46389	
30363	30363	30453	35998	35998	35998	35998	35998	35998	35998	37634	37634	37634	37634	37634	37634	37634	37634	37634	37634	39226	39226	39226	39226	39226	39226	51175	51175	51175	51175	51175	51175	51175	51175	51175	51175	51175	51175	51175	51175	51175	51175	51175	51175	51175	51175	51175	51175	51175	51175	51175	51175	51175	51175	51175	51175	51175	51175	51175	51175	51175	51175	51175	51175	51175	51175	51175	51175	51175	51175	51175	51175	51175	51175	51175	51175	51175	51175	51175	51175	51175	51175	51175	51175	51175	51175	51175	51175	51175	51175	51175	51175	51175	51175	51175	51175	51175	51175	51175	51175	51175	51175	51175	51175	51175	51175	51175	51175	51175	51175	51175	51175	51175	51175	51175	51175	51175	51175	51175	51175	51175	51175	51175	51175	51175	51175	51175	51175	
26446	32231	34001	34001	34001	34001	34001	34001	34001	34001	36643	36643	37390	37390	37390	37390	37390	37390	37390	37390	37390	37390	37390	37390	37390	37390	37390	37390	37390	37390	37390	37390	37390	37390	37390	37390	37390	37390	37390	37390	37390	39078	39078	39078	39078	39078	39078	39078	39078	39078	39078	39078	39078	39078	39078	39078	39078	39078	39078	39144	39144	39144	39144	39144	39144	39144	39144	39144	39144	39144	39144	39144	39144	39144	40796	40796	40796	40796	40796	40796	40796	40796	40796	44103	44103	44103	44103	44103	44103	44103	44103	44103	44103	44103	44103	44103	44103	44103	44103	44103	44103	44103	44103	44103	44103	44103	44103	44103	44103	44103	44103	44103	44103	44103	44103	44103	44103	44103	44103	44103	44103	44103	44103	
36926	36926	36926	36926	38689	38689	38689	38689	38689	38689	38689	41922	41922	41922	41922	41922	41922	41922	41922	41922	41922	41922	41922	41922	41922	41922	41922	41922	41922	41922	41922	41922	41922	41922	41922	41922	41922	41922	41922	41922	41922	41922	41922	41922	41922	41922	41922	41922	41922	41922	41922	41922	41922	41922	41922	41922	41922	41922	41922	41922	41922	41922	41922	41922	41922	41922	41922	41922	41922	41922	41922	41922	41922	41922	41922	41922	41922	41922	41922	41922	41922	41922	41922	41922	41922	41922	41922	41922	41922	41922	41922	41922	41922	41922	41922	41922	41922	41922	41922	41922	41922	41922	41922	41922	41922	41922	41922	41922	41922	41922	41922	41922	41922	41922	41922	41922	41922	41922	
25809	26998	30765	38618	38618	38618	38618	38618	38618	38618	38618	38618	38618	38618	38618	38618	38618	38618	38618	38618	38618	38618	38618	38618	38618	38618	38618	38618	38618	38618	38618	38618	38618	39222	39222	39222	39222	39222	39222	39222	39222	39222	39222	39222	39222	39222	39222	39222	39222	39222	39222	39222	39222	39222	39222	39222	39222	39222	39222	39222	39222	39222	39222	39222	39222	39222	39222	39222	39222	39222	39222	39222	39222	39222	39222	39222	39222	39222	39222	39222	39222	39222	39222	39222	39222	39222	39222	39222	39222	39222	39222	45791	45791	45791	45791	45791	45791	45791	45791	45791	45791	45791	45791	45791	45791	45791	45791	45791	45791	45791	45791	45791	45791	45791	45791	45791	45791	45791	
22671	22671	24979	34619	34619	36123	36123	36123	38832	38832	38832	38832	38832	38832	38832	38832	38832	38832	38832	38832	38832	38832	38832	39796	39796	39796	39796	39796	39796	39796	39796	39796	39796	39796	39796	39796	39796	39796	39796	39796	39796	39796	39796	39796	39796	39796	39796	39796	39796	39796	39796	39796	39796	39796	39796	39796	39796	39796	39796	39796	39796	39796	39796	39796	39796	39796	39796	39796	39796	40631	40631	40631	40631	40631	40631	40631	40631	40631	40631	41708	41708	41708	41708	41708	41708	41708	41708	41708	41708	41708	41708	41708	41708	41708	41708	41708	41708	41708	41708	41708	41708	41708	41708	41708	41708	41708	41708	41708	41708	41708	41708	41708	41708	41708	41708	41708	41708	41708	41708	41708	42538	42538	42538	42538	42538	42538	42538	42538	42538	42538	42538	42538	42538	
38515	38515	38515	38515	38515	38515	38515	38515	38515	38515	38515	38515	38515	38515	38515	38515	38515	38515	38515	43730	43730	43730	43730	43730	43730	43730	43730	43730	43730	43730	43730	43730	43730	43730	43730	43730	43730	43730	43730	43730	43730	43730	43730	43730	43730	43730	43730	43730	43730	43730	43730	43730	43730	43730	43730	43730	43730	43730	43730	43730	43730	43730	43730	43730	43730	43730	43730	43730	47320	47320	47320	47320	47320	47320	47320	47320	47320	47320	47320	47320	47320	47320	47320	47320	47320	47320	47320	47320	47320	47320	47320	47320	47320	47320	47320	47320	47320	47320	47320	47320	47320	47320	47320	47320	47320	47320	47320	47320	47320	47320	47320	47320	47320	47320	47320	47320	47320	47320	47320	47320	47320	
39412	39412	39412	39412	39412	39412	39412	39412	39412	39412	39412	39412	39412	39412	39412	39412	39412	39412	39624	39624	39624	39624	39624	39624	39624	39624	41713	41713	41713	41713	41713	41713	41713	41713	41713	41713	41713	41713	41713	41713	41713	41713	41713	41713	41713	41713	41713	41713	41713	41713	41713	43241	43241	43241	43241	43241	43241	43241	43241	43241	43241	43241	43241	43241	43241	43241	43241	43241	43241	43241	43241	43241	43241	43241	43241	43241	43241	43241	43241	43241	43241	43241	43241	43241	48117	48117	48117	48117	48117	48117	48117	48117	48117	48117	48117	48117	48117	48117	48117	48117	48117	48117	48117	48117	48117	48117	48117	48117	48117	48117	48117	48117	48117	48117	48117	48117	48117	48117	48117	48117	48117	48117	48117	48117	48117	
16659	32067	37970	37970	37970	37970	37970	37970	37970	37970	37970	37970	37970	37970	37970	37970	37970	37970	37970	37970	37970	37970	37970	37970	37970	37970	37970	37970	37970	37970	37970	37970	37970	37970	37970	37970	37970	37970	37970	37970	37970	37970	37970	37970	37970	37970	40504	40504	40504	40504	40504	40504	40504	40504	40504	40504	40504	40504	40504	40504	40504	41884	41884	41884	41884	41884	41884	41884	41884	41884	41884	41884	41884	41884	41884	41884	41884	41884	41884	41884	41884	41884	41884	41884	41884	41884	41884	41884	41884	41884	41884	41884	41884	41884	41884	41884	41884	41884	41884	41884	43066	43066	43066	43066	43066	43066	43066	43066	43066	43066	43066	43066	43066	43066	43066	43066	43066	43066	43066	43066	43066	
37264	37264	37264	37264	37264	37264	37264	37264	37264	37264	38166	38166	38166	38166	38166	38166	38166	38166	38166	38166	38166	38166	38166	38166	38166	38166	38166	38166	38166	38166	38166	38166	40270	40270	40270	40270	40270	40270	40270	40270	40270	40270	40270	40270	40270	40270	40270	40270	40270	40270	40270	40270	40270	40270	40270	40270	40270	40270	40270	40270	40270	40270	40270	40270	40270	40270	40270	40270	40270	40270	40270	40270	40270	40270	40270	40270	40270	40270	40270	40270	40270	40270	40270	40270	40270	40270	40270	40270	40270	40270	40270	40270	41547	41547	41547	41547	41547	41547	41547	41547	41547	41547	41547	41547	41547	41547	41547	41547	41547	41547	41547	41547	41547	41547	41547	41547	41547	41547	41547	41547	41547	41547	47302	47302	47302	
20541	29106	29106	29989	37861	37861	37861	37861	37861	37861	37861	37861	37861	37861	37861	37861	37861	37861	37861	37861	37861	37861	37861	37861	37861	37861	39092	39092	40054	40054	40054	40054	40054	40054	40054	40054	40054	40054	40054	40054	40054	40054	40054	40054	40054	40054	40054	40054	40054	40054	40054	40054	40054	40054	40054	40054	40054	40054	40054	40054	40054	40054	40054	40054	40054	40054	40054	40054	40054	40054	40054	40054	40054	40054	40054	40054	40054	40054	40054	40054	40054	40054	40054	40054	40054	40054	40054	40054	40054	40054	40054	40054	40054	40054	40054	40054	40054	40054	40054	40054	40054	40054	40054	44771	44771	44771	44771	44771	44771	44771	44771	44771	44771	44771	44771	
18797	30206	30206	31015	31015	31015	31015	31015	37162	37929	37929	39892	39892	39892	39892	39892	39892	39892	39892	40121	40121	40121	40121	40121	40121	40121	40121	40121	40121	40121	40121	40121	40121	40121	40121	40121	40121	40121	40121	40121	40121	40121	40121	40121	48480	48480	48480	48480	48480	48480	48480	48480	48480	48480	48480	48480	48480	48480	48480	48480	48480	48480	48480	48480	48480	48480	48480	48480	48480	48480	48480	48480	48480	48480	48480	48480	48480	48480	48480	48480	48480	48480	48480	48480	48480	48480	48480	48480	48480	48480	48480	48480	48480	48480	48480	48480	48480	48480	48480	48480	48480	48480	48480	48480	48480	48480	48480	48480	48480	48480	48480	48480	48480	48480	48480	48480	48480	48480	48480	48480	48480	
24601	34672	34672	34672	35823	35823	35823	35823	35823	35823	35823	35823	35823	35823	35823	35823	35823	35823	35823	35823	35823	36148	36148	36148	36148	36148	39567	39567	39567	39567	52589	52589	52589	52589	52589	52589	52589	52589	52589	52589	52589	52589	52589	52589	52589	52589	52589	52589	52589	52589	52589	52589	52589	52589	52589	52589	52589	52589	52589	52589	52589	52589	52589	52589	52589	52589	52589	52589	52589	52589	52589	52589	52589	52589	52589	52589	52589	52589	52589	52589	52589	52589	52589	52589	52589	52589	52589	52589	52589	52589	52589	52589	52589	52589	52589	52589	52589	52589	52589	52589	52589	52589	52589	52589	52589	52589	52589	52589	52589	52589	52589	52589	52589	52589	52589	52589	52589	52589	52589	52589	52589	52589	52589	52589	52589	52589	52589	
7338	31970	31970	33608	33608	33608	35060	35060	35060	37321	37321	37321	37321	37321	37321	37321	37321	37321	37321	37321	37321	37321	37321	37321	37321	37321	37321	39061	39061	39061	39061	40651	40651	40651	40651	40651	40651	40651	40651	40651	40651	40651	40651	40651	40651	40651	40651	40651	40651	40651	40651	40651	40651	40651	40651	40651	40651	40651	40651	40651	40651	40651	40651	40651	40651	40651	40651	40651	40651	40651	40651	40651	40651	40651	40651	40651	40651	40651	40651	40651	40651	41136	41136	41136	41136	41136	41136	41136	41136	41136	41136	41136	41136	41136	41136	41136	41136	41136	41136	41136	41136	41136	41136	41136	41136	41136	41136	41136	41136	41136	41136	41136	41136	41136	41136	41136	41136	41136	41136	41136	41136	41136	
24980	31208	31208	31208	37832	37832	37832	37832	37832	40570	40570	40570	40570	40570	40570	40570	40570	40570	40570	40570	40570	40570	40570	40570	40570	40570	40570	40570	40570	40570	40570	40570	40570	40570	40570	40570	40570	40570	40570	40570	40570	40570	40570	40570	40570	40570	40570	40570	40570	42145	42145	42145	42145	42145	42145	42145	42145	42145	42145	42145	42145	42145	42145	42145	42145	42145	42145	42145	42145	42145	42145	42145	42145	42145	42145	42145	46160	46160	46160	46160	46160	46160	46160	46160	46160	46160	46160	46160	46160	46160	46160	46160	46160	46160	46160	46160	46160	46160	46160	46160	46160	46160	46160	46160	46160	46160	
31502	31502	31502	34275	34275	36106	36106	36106	36106	36106	36106	36106	36106	36106	36106	36649	36649	36649	37305	37305	37305	37305	37305	37305	37305	37305	37305	37305	38803	38803	38803	38803	38803	38803	39541	39541	39541	39541	39541	39541	39541	39541	39541	39541	39541	39541	39541	39541	39541	39541	39541	39541	39541	39541	39541	39541	39541	39541	39541	39541	39541	39541	39541	39541	39541	39847	39847	39847	39847	39847	39847	39847	39847	39847	39847	39847	39847	39847	39847	39847	39847	39847	39847	39847	39847	39847	39847	39847	39847	39847	39847	39847	39847	39847	39847	39847	39847	40195	40195	40195	40195	40195	40195	40195	40195	40195	40195	40195	40195	40195	
27888	31052	31052	31944	33460	33460	33460	36652	36652	37181	37181	37181	37181	37181	37181	37181	37181	37181	37181	37181	37181	40932	40932	40932	40932	40932	40932	40932	40932	40932	40932	40932	40932	40932	40932	40932	40932	40932	40932	40932	40932	40932	40932	40932	40932	40932	40932	40932	40932	40932	40932	40932	43103	43103	43103	43103	43103	43103	43103	43103	43103	43103	43103	43103	43103	43103	43103	43103	43103	43103	43103	43103	43103	43103	43103	43103	43103	43103	43103	43103	43103	43103	43103	43103	43103	43103	43103	43103	43103	43103	43103	43103	43103	43103	43103	43103	43103	43103	43103	43103	43103	43103	43103	43103	43103	43227	43227	43227	43227	43227	43227	43227	43227	43227	
37083	37083	37083	37083	37083	37083	42013	42013	42013	42013	42013	42013	42013	42013	42013	42013	42013	42013	42013	42013	42013	42013	42013	42013	42013	42013	42013	42013	42013	42013	42013	42013	42013	42013	42013	42013	42013	42013	42013	42013	42013	42013	42013	42013	42013	42013	42013	42013	42013	42013	42013	42013	44081	44081	44081	44081	44081	44081	44081	44081	44081	44081	44081	44081	44081	44081	44081	44081	44081	44081	44081	44081	44081	44081	44081	44081	44081	44081	44081	44081	44081	44081	44081	44081	44081	44081	44081	44081	44081	44081	44081	44081	44081	44081	44081	44081	44081	44081	44081	44081	44081	44081	44081	44081	44081	44081	44081	44081	44081	44081	44081	44081	44081	44081	44081	44081	44081	44081	44081	44081	44081	44081	44081	44081	44081	44081	
31080	31080	31080	31080	31080	31080	37741	38624	38624	38624	38624	38624	38624	38624	38624	38624	38624	38624	38624	38624	42602	42602	42602	42602	42602	42602	42602	42602	42602	42602	42602	42602	42602	42602	42602	42602	42602	42602	42602	42602	42602	42602	42602	42602	42602	42602	42602	42602	42602	42602	42602	42602	42602	42602	42602	42602	42602	42602	44862	44862	44862	44862	44862	44862	44862	44862	44862	44862	44862	44862	44862	44862	44862	44862	44862	44862	44862	44862	44862	44862	44862	44862	44862	44862	44862	44862	44862	44862	44862	44862	44862	44862	44862	44862	44862	44862	44862	44862	44862	44862	44862	44862	44862	44862	44862	44862	44862	44862	44862	44862	44862	44862	44862	44862	44862	44862	44862	44862	44862	44862	44862	44862	44862	
25162	34822	34822	34822	34822	34822	34822	40510	40510	40510	40510	40510	40510	40510	40510	40510	40510	40510	40510	40510	40510	40510	40510	40510	40510	40510	40510	40510	40510	40510	40510	40510	40510	40510	40510	40510	40510	40510	40510	40510	40510	40510	40510	40510	40510	40510	40510	40510	40510	40510	40510	40510	40510	40510	40510	40510	40510	40510	40510	40510	40510	40510	40510	40510	40510	40510	40510	40510	40510	40510	40510	40510	40510	40510	40510	40510	40510	40510	40510	40510	40510	40510	40510	40510	40510	40510	50103	50103	50103	50103	50103	50103	50103	50103	50103	50103	50103	50103	50103	50103	50103	50103	50103	50103	50103	50103	50103	50103	50103	50103	50103	50103	50103	50103	50103	50103	
31878	31878	31878	36038	36038	36038	36038	36038	36038	36038	36038	36038	36038	36038	36038	36038	36629	40761	40761	40761	40761	40761	40761	40761	40761	40761	40761	40761	40761	40761	40761	40761	40761	40761	40761	40761	40761	40761	40761	40761	40761	40761	40761	40761	40761	40761	40761	40761	40761	40761	40761	40761	40761	40761	40761	40761	40761	40761	40761	40761	40761	40761	40761	40761	40761	40761	40761	40761	40761	40761	40761	40761	40761	40761	40761	40761	40761	40761	40761	40761	40761	40761	40761	40761	40761	40761	40761	40761	40761	40761	40761	40761	40761	40761	40761	40761	40761	40761	40761	40761	40761	40761	40761	40761	40761	40761	40761	40761	40761	40761	40761	40761	40761	
20138	29021	34874	37378	37378	37378	37378	37378	37378	37765	39770	39770	39770	39770	39770	39770	39770	39770	39770	39770	39770	39770	39770	39770	39770	39770	39770	39770	39770	39770	39770	39770	39770	39770	39770	39770	39770	39770	39770	39770	39770	39770	39770	39770	39770	41644	41644	41644	41644	41644	41644	41644	41644	41644	41644	41644	41644	41644	41644	41644	41644	41644	41644	41644	41644	41644	41644	41644	41644	41644	41644	41644	41644	41644	41644	41644	41644	41644	41644	41644	41644	41644	41644	41644	41644	41644	41644	41644	41644	41644	41644	41644	41644	41644	41644	41644	41644	41644	41644	41644	41644	41644	41644	41644	41644	41644	41644	41644	41644	41644	41644	41644	41644	41644	41644	41644	41644	41644	
20449	23359	31312	31312	31312	31312	31312	31312	31312	36534	36534	36534	39847	39847	39847	39847	39847	42376	42376	42376	42376	42376	42376	42376	42376	42376	42376	42376	42376	42376	42376	42376	42376	42376	42376	42376	42376	42376	42376	42376	42376	42376	42376	42376	42376	42376	42376	42376	42376	42376	42376	42376	42376	42376	42376	42376	43757	43757	43757	43757	43757	43757	43757	43757	43757	43757	43757	43757	43757	43757	43757	43757	43757	43757	43757	43757	43757	43757	43757	43757	43757	43757	43757	43757	43757	43757	43757	43757	43757	43757	43757	43757	43757	43757	43757	43757	43757	43757	43757	43757	43757	43757	43757	43757	43757	43757	43757	43757	43757	43757	43757	43757	46683	46683	46683	46683	46683	
29374	31044	31044	31044	31044	31044	38576	38576	38576	38676	38676	38676	38676	38676	38676	38676	38676	38676	38676	38676	38676	39756	39756	39756	39756	39756	39756	39756	39756	39756	39756	39756	39756	39756	39756	39756	39756	39756	39756	39756	39756	40149	40149	40149	40149	40149	40149	40149	40149	40149	40149	40149	40149	40149	40149	40149	40149	40149	40149	40149	40149	40149	40149	40149	41217	41217	41217	41217	41217	41217	41217	41217	41217	41217	41217	41217	41217	41217	41217	41217	41217	41217	41217	41217	41217	41217	41217	41217	41217	41217	41217	41217	41217	41217	41217	41217	41217	41217	41217	41217	41217	41217	41217	41217	41217	41217	41217	45220	45220	45220	
34858	34858	34858	34858	34858	38092	38092	38092	38092	38092	38092	38092	38092	38092	38092	38092	38092	38092	38092	38092	38092	38092	40056	40056	40056	40056	40056	40056	40056	40056	40056	40056	40056	40056	40056	40056	40056	40056	40056	40056	40056	40056	40056	40056	40056	40056	40056	40056	40056	40056	40056	40056	40056	40056	40056	40056	40056	40056	40056	40056	40056	40056	40056	40056	40056	40056	40056	40056	40056	40056	40056	40056	40056	40056	40056	40056	40056	40056	40056	40056	40056	40056	40056	40056	40056	40056	40056	40056	40056	40056	40056	40056	40056	40056	40056	40056	40056	40056	40056	40056	40056	40056	40056	40056	40056	40056	40056	40056	40056	40056	40056	40056	40056	40056	40056	40056	40056	40056	40056	40056	40056	40056	40056	40056	40056	40056	40056	40056	40056	40056	40056	40056	40056	40056	
33062	34016	34016	34643	34643	34643	35962	35962	35962	36463	36463	36463	36463	36463	36508	36508	37463	37463	37463	37463	37463	37463	39702	39702	39702	39702	39702	39702	39702	39702	39702	39702	39702	39702	39702	39702	39702	39702	39702	39702	39702	39702	39702	39702	39702	39702	39702	39702	39702	39702	39702	39702	39702	39702	39702	39702	39702	39702	39702	39702	39702	39702	39702	39702	39702	39702	39702	39702	39702	39702	39702	39702	39702	39702	39702	39702	39702	39702	39702	39702	39702	39702	39755	39755	39755	39755	39755	39755	39755	39755	39755	39755	43077	43077	43077	43077	43077	43077	43077	43077	43077	43077	43077	43077	43077	43077	43077	43077	43077	43077	43077	43077	43077	43077	43077	43077	43077	43077	43077	43077	43077	43077	43077	43077	43077	43077	43077	43077	
33674	33674	33674	36071	36071	36071	36071	36071	36452	38781	38781	39063	39063	39063	39063	39063	39063	39063	39063	39063	39063	39063	39063	39063	39063	39063	39063	39505	39505	39505	39505	39505	39505	39505	39505	39505	39505	39505	39505	39505	39505	39505	39505	41057	41057	41057	41057	41057	41057	41057	41057	41057	41057	41057	41057	41057	41057	41057	41057	50454	50454	50454	50454	50454	50454	50454	50454	50454	50454	50454	50454	50454	50454	50454	50454	50454	50454	50454	50454	50454	50454	50454	50454	50454	50454	50454	50454	50454	50454	50454	50454	50454	50454	50454	50454	50454	50454	50454	50454	50454	50454	50454	50454	50454	50454	50454	50454	50454	50454	50454	50454	50454	50454	50454	50454	50454	50454	50454	50454	50454	50454	
36824	37040	37040	37040	37040	37040	37040	37040	37040	37040	37040	37040	37040	37040	37040	37040	37040	37040	37040	37040	37040	37040	37040	37040	37040	37040	37040	37040	37040	37040	37040	37040	37040	37040	37040	37040	37040	37040	37040	37040	37040	37040	37307	37307	37307	37307	37307	37307	37307	37307	37307	37307	37307	37307	39716	39716	39716	39716	39716	39716	39716	39716	39716	39716	39716	39716	39716	39716	39716	39716	39716	39716	39716	39716	39716	39716	39716	39716	39716	39716	39716	39716	39716	39716	39716	39716	39716	39716	39716	39716	39716	39716	39716	39716	39716	39716	39716	39716	40819	40819	40819	40819	40819	40819	40819	40819	40819	40819	40819	40819	40819	40819	40819	40819	40819	40819	40819	40819	40819	40819	40819	40819	40819	40819	40819	40819	40819	40819	
32875	32875	32875	32875	32968	32968	36759	36759	36759	36759	36759	36759	36759	36759	36759	36759	36759	36759	36759	36759	36759	50039	50039	50039	50039	50039	50039	50039	50039	50039	50039	50039	50039	50039	50039	50039	50039	50039	50039	50039	50039	50039	50039	50039	50039	50039	50039	50039	50039	50039	50039	50039	50039	50039	50039	50039	50039	50039	50039	50039	50039	50039	50039	50039	50039	50039	50039	50039	50039	50039	50039	50039	50039	50039	50039	50039	50039	50039	50039	50039	50039	50039	50039	50039	50039	50039	50039	50039	50039	50039	50039	50039	50039	50039	50039	50039	50039	50039	50039	50039	50039	50039	50039	50039	50039	50039	50039	50039	50039	50039	50039	50039	50039	50039	50039	50039	50039	50039	50039	50039	50039	50039	50039	50039	
34479	34479	34479	34479	34479	36273	36273	36273	36273	36273	36273	36273	36273	36273	36348	36348	36348	36348	38155	38155	38155	38155	38155	38155	38155	38155	38155	38155	38155	38155	38155	38155	38155	38155	38155	38155	38155	38155	38155	38155	38155	38155	38155	38155	38155	38155	38155	38155	39157	39157	39157	39157	39157	39157	39157	39157	39157	39157	39157	39157	39157	39157	39448	39448	39448	40261	40261	40261	40261	40261	40261	40261	40261	40261	40261	40261	40261	40261	40261	40261	40261	40261	40261	40261	40261	40261	40261	40261	40261	40261	40261	40261	40261	40261	40261	40261	40261	40261	40261	40261	40261	40261	40261	40261	40261	40261	40261	40261	40261	40261	40261	40261	40261	40261	40261	40261	40261	40261	40261	
23607	30485	30485	34181	34181	34181	34181	34181	34181	34181	34181	34181	34181	34181	37360	37360	37360	37360	37360	37360	39674	39674	39674	39674	39674	39674	39674	39674	39674	39674	39674	39674	39674	39674	39674	39674	39674	44039	44039	44039	44039	44039	44039	44039	44039	44039	44039	44039	44039	44039	44039	44039	44039	44039	44039	44039	44411	44411	44411	44411	44411	44411	44411	44411	44411	44411	44411	44411	44411	44411	44411	44411	44411	44411	44411	44411	44411	44411	44411	44411	44411	44411	44411	44411	44411	44411	44411	44411	44411	44411	44411	44411	44411	44411	44411	44411	44411	44411	44411	44411	44411	44411	44411	44411	44411	44411	44411	44411	44411	44411	44411	44411	44411	44411	
29667	37960	37960	37960	37960	37960	37960	44420	44420	44420	44420	44420	44420	44420	44420	44420	44420	44420	44420	44420	44420	44420	44420	44420	44420	44420	44420	44420	44420	44420	44420	44420	44420	44420	44420	44420	44420	44420	44420	44420	44420	44420	44420	44420	44420	44420	44420	44420	44420	44420	44420	44420	44420	44420	44420	44420	44420	44420	44420	44420	44420	44420	44420	44420	44420	44420	44420	44420	44420	44420	44420	44420	44420	44420	44420	44420	44420	44420	44420	44420	44420	44420	44420	44420	44420	44420	44420	44420	44420	44420	44420	44420	44420	44420	44420	44420	44420	44420	44420	44420	44420	44420	44420	44420	44420	44420	44420	44420	44420	
32713	32713	35746	35746	35746	35746	35746	37662	37662	37662	37662	37662	37662	37662	37662	37662	37662	37662	37662	37662	37662	37662	37662	37662	37662	37662	37662	37662	37662	39418	39418	39418	39418	39418	39418	39418	39418	39418	39418	39418	41564	41564	41564	41564	41564	41564	41564	41564	41564	41564	41564	41564	41564	41564	41564	41564	41564	41564	41564	41564	41564	41564	41564	41564	41564	41564	41564	41564	41564	41564	41564	41564	41564	41564	41564	41564	41564	41564	41651	41651	41651	41651	41651	41651	42144	42144	42144	42144	42144	42144	42144	42144	42144	42144	42144	42144	42144	42144	42144	42144	42144	42800	42800	42800	42800	42800	42800	42800	42800	42800	42800	42800	42800	42800	42800	42800	
18619	26407	27896	27896	27896	27896	32688	32688	32688	32688	32688	32688	37964	37964	38640	38640	38640	38640	38640	38640	38640	39357	39357	39357	39357	39357	39357	39357	39357	39357	39357	39357	39357	39357	39357	39357	39357	39357	39357	39357	39357	39357	39357	39357	39357	39357	39357	39357	39357	39357	39357	39357	39357	39357	39357	39357	39357	39357	39357	39357	39357	39357	39357	39357	39357	39357	39357	39357	39357	39357	39357	39357	39357	39357	39357	39357	39357	39357	39357	39357	39357	39357	39357	39357	39357	39357	39357	39357	39357	39357	39357	39357	39357	39587	39587	39587	39587	39587	39587	39587	39587	39587	39587	39587	39587	39587	39587	39587	
35459	35459	35459	35459	35459	35459	35459	35459	42274	42274	42274	42274	42274	42274	42274	42274	42274	42274	42274	42274	42274	42274	42274	42274	42274	42274	42274	42274	42274	42274	42274	42274	42274	42274	42274	42274	42274	42274	42274	42274	42274	42274	42274	42274	42274	42274	42274	42274	42274	42274	42274	42274	42274	42274	42274	42274	42274	42274	42274	42274	42274	42274	42274	42274	42274	42274	42274	42274	42274	42274	43129	43129	43129	43129	43129	43129	43129	43129	43129	43129	43129	43129	43129	43129	43129	43129	43129	43129	43129	43129	43129	43129	43129	43129	43129	43129	43129	43129	43129	43129	43129	43129	43129	43129	43129	43129	43129	43129	43129	43129	43129	43129	43129	43129	43129	43129	43129	43129	43129	43129	43129	43129	43129	43129	43129	
24151	29345	29345	37480	37480	37480	37480	37480	37480	37480	37480	37480	37480	37480	37480	37480	37480	37480	37480	37480	37480	37480	38806	38806	38806	38806	38806	38806	38806	38806	38806	38806	38806	38806	38806	38806	38806	38806	38806	38806	38806	38806	38806	38806	38806	38806	38806	38806	38806	38806	38806	38806	38806	38806	38806	38806	38806	38806	38806	38806	38806	38806	38806	38806	38806	38806	38806	38806	38806	38806	38806	38806	38806	38806	38806	38806	38806	38806	38806	38806	38806	38806	38806	38806	38806	38806	38806	38806	38806	38806	38806	38806	38806	41946	41946	41946	41946	41946	41946	41946	41946	41946	41946	41946	41946	41946	41946	41946	41946	41946	41946	41946	
36607	36607	36607	36607	36607	36607	36607	36607	36607	36607	36607	36607	36607	36607	36607	36607	36607	36607	36607	36607	38134	38134	38134	38134	38134	38134	38134	38134	38134	38134	38134	38134	38134	38134	38134	38134	38134	38134	38134	38134	38134	38134	38134	38134	38134	38134	38134	38134	38134	38134	38134	38134	38134	38134	38134	38134	38134	38134	38134	38134	38134	38134	38134	38134	38134	38134	38134	38134	41582	41582	41582	41582	41582	41582	41582	41582	41582	41582	41582	41582	41582	41582	41582	41582	41582	41582	41582	41582	41582	41582	41582	41582	41582	41582	41582	41582	41582	41582	41582	41582	41582	41582	41582	41582	41582	41582	41582	41582	41582	41582	41582	41582	41582	41582	41582	41582	41582	41582	41582	41582	41582	41582	41582	41582	41582	41582	41582	41582	
23134	37747	37747	37747	37747	37747	37747	37747	37747	37747	37747	37747	37747	37747	37747	37747	37747	37747	37747	37747	37747	37747	37747	37747	37747	37747	38157	38157	38157	38157	38157	38157	38157	38157	38157	38157	38157	39046	39046	39046	39046	39046	39046	39046	39046	39046	39046	39046	39046	39046	39046	39046	39046	39046	39046	39046	39046	40286	40286	40286	40286	40286	40286	40286	40286	40286	40286	40286	40286	40286	40286	40286	40286	40286	40286	40286	40286	40286	40286	40286	40286	40286	40286	40286	40286	40286	40286	40286	40286	40286	40286	40286	40286	40286	40286	40286	40286	40286	40286	40286	40286	40286	40286	40286	41004	41004	41004	41004	41004	41004	41004	41004	41004	41004	41004	41004	41004	41004	41004	41004	41004	41004	41004	41004	41004	41004	41004	41304	41304	41304	
35581	35581	35581	35581	35581	35581	35581	35581	35581	35581	35581	35581	35581	36220	36220	36220	36220	36220	36220	38434	38434	38434	38434	38434	38434	38434	38434	38434	38434	38434	38434	38434	38434	38434	38434	38434	38434	38434	38434	38434	38434	38434	38434	38434	38434	39829	39829	39829	39829	39829	39829	39829	39829	39829	39829	39829	39829	39829	39829	39829	39829	39829	41627	41627	41627	41627	41627	41627	41627	41627	41627	41627	41627	41627	41627	41627	41627	41627	41627	41627	41627	41627	41627	41627	41627	41627	41627	41627	41627	41627	41627	41627	41627	41627	41627	41627	41627	41627	41627	41627	41627	41627	41627	41627	41627	41627	41627	41627	41627	41627	41627	41627	41627	41627	41627	41627	41627	41627	41627	44277	44277	44277	44277	44277	44277	44277	44277	44277	44277	
29739	29739	29739	32018	34744	34744	34744	34744	34744	34744	37610	37610	37610	37610	37610	37610	37610	37610	37610	37610	37610	37610	37610	37610	37610	37610	37610	37610	37610	37610	37610	37610	37610	37610	37610	37610	37610	37610	37610	37610	37610	37610	38422	38422	38422	38422	38422	38422	38422	38422	38422	38422	38422	38422	38422	38422	38422	38422	39073	39073	39073	39073	39073	39073	39073	39073	39073	39073	39073	39073	39073	39073	39073	39073	39073	39073	39073	39073	39073	39073	39073	39073	39073	39983	39983	39983	39983	39983	39983	39983	39983	39983	39983	39983	39983	39983	39983	39983	39983	39983	39983	39983	39983	39983	39983	39983	39983	39983	39983	39983	39983	39983	39983	39983	39983	39983	39983	39983	
31768	40897	40897	40897	40897	40897	40897	40897	40897	40897	40897	40897	40897	40897	40897	40897	40897	40897	40897	40897	40897	40897	41294	41294	41294	41294	41294	41294	41294	41294	41294	41294	41294	41294	41294	41294	41294	41294	41294	41294	41294	41294	41294	41294	41294	41294	41294	41294	41294	41294	41294	41294	41294	41294	41294	41294	41294	41294	41294	41294	41294	41294	41294	41294	41294	41294	41294	41294	41294	41294	41294	41294	41294	41294	41294	41294	41294	41294	41294	41294	41294	41294	41294	41294	41294	41294	41294	41294	41294	41294	41294	41294	41294	41294	41294	41294	41294	41294	44641	44641	44641	44641	44641	44641	44641	44641	44641	44641	44641	44641	44641	44641	44641	44641	44641	44641	44641	44641	44641	44641	44641	
35992	35992	35992	35992	36062	36062	36062	36062	36062	36062	36062	36062	36062	36062	36062	36062	39696	39696	39696	43137	43137	43137	43137	43137	43137	43137	43137	43137	43137	43137	43137	43137	43137	43137	43137	43137	43137	43137	43137	43137	43137	43137	43137	43137	43137	43137	43137	43137	43137	43137	43137	43137	43366	43366	43366	43366	43366	43366	43366	43366	43366	43366	43366	43366	43366	43366	43366	43366	43366	43366	43366	43366	43366	43366	43366	43366	43366	43727	43727	43727	43727	43727	43727	43727	43727	43727	43727	43727	43727	43727	43727	43727	43727	43727	43727	43727	43727	43727	43727	43727	43727	43727	43727	43727	43727	43727	43727	43727	43727	43727	43727	43727	43727	43727	43727	43727	43727	43727	43727	43727	43727	43727	43727	43727	43727	43727	43727	43727	43727	43727	43727	
